-- MySQL dump 10.13  Distrib 5.7.17, for Win64 (x86_64)
--
-- Host: 58.87.104.109    Database: erxue
-- ------------------------------------------------------
-- Server version	5.1.73

/*!40101 SET @OLD_CHARACTER_SET_CLIENT=@@CHARACTER_SET_CLIENT */;
/*!40101 SET @OLD_CHARACTER_SET_RESULTS=@@CHARACTER_SET_RESULTS */;
/*!40101 SET @OLD_COLLATION_CONNECTION=@@COLLATION_CONNECTION */;
/*!40101 SET NAMES utf8 */;
/*!40103 SET @OLD_TIME_ZONE=@@TIME_ZONE */;
/*!40103 SET TIME_ZONE='+00:00' */;
/*!40014 SET @OLD_UNIQUE_CHECKS=@@UNIQUE_CHECKS, UNIQUE_CHECKS=0 */;
/*!40014 SET @OLD_FOREIGN_KEY_CHECKS=@@FOREIGN_KEY_CHECKS, FOREIGN_KEY_CHECKS=0 */;
/*!40101 SET @OLD_SQL_MODE=@@SQL_MODE, SQL_MODE='NO_AUTO_VALUE_ON_ZERO' */;
/*!40111 SET @OLD_SQL_NOTES=@@SQL_NOTES, SQL_NOTES=0 */;

--
-- Table structure for table `acupoint`
--

DROP TABLE IF EXISTS `acupoint`;
/*!40101 SET @saved_cs_client     = @@character_set_client */;
/*!40101 SET character_set_client = utf8 */;
CREATE TABLE `acupoint` (
  `acupointId` int(11) NOT NULL,
  `videolocation` varchar(255) DEFAULT NULL,
  `description` varchar(255) DEFAULT NULL,
  `modulesid` int(11) DEFAULT NULL,
  `acupointName` varchar(45) DEFAULT NULL,
  PRIMARY KEY (`acupointId`),
  KEY `FKeme05imr3t0gq687s735ugwb2` (`modulesid`)
) ENGINE=InnoDB DEFAULT CHARSET=utf8;
/*!40101 SET character_set_client = @saved_cs_client */;

--
-- Dumping data for table `acupoint`
--

LOCK TABLES `acupoint` WRITE;
/*!40000 ALTER TABLE `acupoint` DISABLE KEYS */;
INSERT INTO `acupoint` VALUES (1,'erchui/0297c5f1-ccfe-11e7-943a-bc307e18fc81.mp4','6、在3区中点。',1,'上颌'),(2,'erchui/0297c5f2-ccfe-11e7-943a-bc307e18fc81.mp4','在2区外线，将2区外线分成四等份，在下1/4处。',1,'上颚'),(3,'erchui/0297ed03-ccfe-11e7-943a-bc307e18fc81.mp4','5、在3区上线中点。',1,'下颌'),(4,'erchui/0297ed04-ccfe-11e7-943a-bc307e18fc81.mp4','在2区上线，将2区上线分成三等份，在内1/3处。',1,'下颚'),(5,'erchui/02981415-ccfe-11e7-943a-bc307e18fc81.mp4','在6区中点。',1,'内耳'),(6,'erchui/02981416-ccfe-11e7-943a-bc307e18fc81.mp4','在8区中点。',1,'扁桃体'),(7,'erchui/02981417-ccfe-11e7-943a-bc307e18fc81.mp4','耳廓最外缘向前卷曲的部分称为耳轮，耳轮下缘与耳垂交界处称为耳轮尾。智齿在耳轮尾与下颌穴连线中点。',1,'智齿'),(8,'erchui/02983b28-ccfe-11e7-943a-bc307e18fc81.mp4','1、在1区中点。',1,'牙'),(9,'erchui/02983b29-ccfe-11e7-943a-bc307e18fc81.mp4','9、在5区中点。',1,'眼'),(10,'erchui/02983b2a-ccfe-11e7-943a-bc307e18fc81.mp4','8、在4区中点。',1,'神经衰弱点'),(11,'erchui/0298623b-ccfe-11e7-943a-bc307e18fc81.mp4','4、在上颚、下颚连线中点。',1,'舌'),(12,'erchui/0298623c-ccfe-11e7-943a-bc307e18fc81.mp4','在7区中点。',1,'身心穴'),(13,'erchui/0298623d-ccfe-11e7-943a-bc307e18fc81.mp4','在2、3、5、6区交界周围，呈椭圆形。可选择4个王不留行籽贴压。',1,'面颊区'),(14,'erchui/0298894e-ccfe-11e7-943a-bc307e18fc81.mp4','7、与上颌、下颌穴构成的等边三角形顶点，朝内侧方向。',1,'颞颌关节'),(15,'duierping/1ce4d671-cd01-11e7-a01b-bc307e18fc81.mp4','NULL',2,'丘脑'),(16,'duierping/1ce4fd82-cd01-11e7-a01b-bc307e18fc81.mp4','NULL',2,'兴奋点'),(17,'duierping/1ce4fd83-cd01-11e7-a01b-bc307e18fc81.mp4','NULL',2,'平喘'),(18,'duierping/1ce52494-cd01-11e7-a01b-bc307e18fc81.mp4','NULL',2,'心血管系统皮质下'),(19,'duierping/1ce52495-cd01-11e7-a01b-bc307e18fc81.mp4','NULL',2,'晕区'),(20,'duierping/1ce54ba6-cd01-11e7-a01b-bc307e18fc81.mp4','NULL',2,'枕'),(21,'duierping/1ce54ba7-cd01-11e7-a01b-bc307e18fc81.mp4','NULL',2,'消化系统皮质下'),(22,'duierping/1ce54ba8-cd01-11e7-a01b-bc307e18fc81.mp4','NULL',2,'癫痫点'),(23,'duierping/1ce572b9-cd01-11e7-a01b-bc307e18fc81.mp4','NULL',2,'睾丸'),(24,'duierping/1ce572ba-cd01-11e7-a01b-bc307e18fc81.mp4','NULL',2,'神经系统皮质下'),(25,'duierping/1ce599cb-cd01-11e7-a01b-bc307e18fc81.mp4','NULL',2,'神经衰弱区'),(26,'duierping/1ce599cc-cd01-11e7-a01b-bc307e18fc81.mp4','NULL',2,'脑'),(27,'duierping/1ce5c0dd-cd01-11e7-a01b-bc307e18fc81.mp4','NULL',2,'脑垂体'),(28,'duierping/1ce5c0de-cd01-11e7-a01b-bc307e18fc81.mp4','NULL',2,'腮腺'),(29,'duierping/1ce5e7ef-cd01-11e7-a01b-bc307e18fc81.mp4','NULL',2,'顶'),(30,'duierping/1ce5e7f0-cd01-11e7-a01b-bc307e18fc81.mp4','NULL',2,'额'),(31,'duierping/1ce5e7f1-cd01-11e7-a01b-bc307e18fc81.mp4','NULL',2,'颞'),(32,'lunpingqieji/f150df81-cd01-11e7-bc55-bc307e18fc81.mp4','NULL',3,'喉牙'),(33,'lunpingqieji/f1510692-cd01-11e7-bc55-bc307e18fc81.mp4','NULL',3,'脑干'),(34,'erping/0fd53901-d253-11e7-9cf2-2c600c383abb.mp4','NULL',4,'乳腺'),(35,'erping/0fd53902-d253-11e7-9cf2-2c600c383abb.mp4','NULL',4,'内鼻'),(36,'erping/0fd56013-d253-11e7-9cf2-2c600c383abb.mp4','NULL',4,'咽'),(37,'erping/0fd56014-d253-11e7-9cf2-2c600c383abb.mp4','NULL',4,'喉'),(38,'erping/0fd58725-d253-11e7-9cf2-2c600c383abb.mp4','NULL',4,'声门'),(39,'erping/0fd58726-d253-11e7-9cf2-2c600c383abb.mp4','NULL',4,'外耳'),(40,'erping/0fd5ae37-d253-11e7-9cf2-2c600c383abb.mp4','NULL',4,'外鼻'),(41,'erping/0fd5ae38-d253-11e7-9cf2-2c600c383abb.mp4','NULL',4,'尾椎'),(42,'erping/0fd5ae39-d253-11e7-9cf2-2c600c383abb.mp4','NULL',4,'屏尖'),(43,'erping/0fd5d54a-d253-11e7-9cf2-2c600c383abb.mp4','NULL',4,'渴点'),(44,'erping/0fd5d54b-d253-11e7-9cf2-2c600c383abb.mp4','NULL',4,'热穴'),(45,'erping/0fd5d54c-d253-11e7-9cf2-2c600c383abb.mp4','NULL',4,'甲状腺'),(46,'erping/0fd5fc5d-d253-11e7-9cf2-2c600c383abb.mp4','NULL',4,'耳颞神经点'),(47,'erping/0fd5fc5e-d253-11e7-9cf2-2c600c383abb.mp4','NULL',4,'肾上腺'),(48,'erping/0fd6236f-d253-11e7-9cf2-2c600c383abb.mp4','NULL',4,'降率点'),(49,'erping/0fd62370-d253-11e7-9cf2-2c600c383abb.mp4','NULL',4,'饥点'),(50,'erping/0fd64a81-d253-11e7-9cf2-2c600c383abb.mp4','NULL',4,'鼻咽'),(51,'pingshangqieji/4012ec71-d253-11e7-aa13-2c600c383abb.mp4','NULL',5,'外耳'),(52,'duierlunti/5b22df21-d253-11e7-8922-2c600c383abb.mp4','NULL',6,'乳腺'),(53,'duierlunti/5b230632-d253-11e7-8922-2c600c383abb.mp4','NULL',6,'尾椎'),(54,'duierlunti/5b230633-d253-11e7-8922-2c600c383abb.mp4','NULL',6,'热穴'),(55,'duierlunti/5b230634-d253-11e7-8922-2c600c383abb.mp4','NULL',6,'甲状腺'),(56,'duierlunti/5b232d45-d253-11e7-8922-2c600c383abb.mp4','NULL',6,'肋缘下'),(57,'duierlunti/5b232d46-d253-11e7-8922-2c600c383abb.mp4','NULL',6,'肋胁区'),(58,'duierlunti/5b235457-d253-11e7-8922-2c600c383abb.mp4','NULL',6,'肩背区'),(59,'duierlunti/5b235458-d253-11e7-8922-2c600c383abb.mp4','NULL',6,'胸'),(60,'duierlunti/5b235459-d253-11e7-8922-2c600c383abb.mp4','NULL',6,'胸椎区'),(61,'duierlunti/5b237b6a-d253-11e7-8922-2c600c383abb.mp4','NULL',6,'腰椎区'),(62,'duierlunti/5b237b6b-d253-11e7-8922-2c600c383abb.mp4','NULL',6,'腰肌区'),(63,'duierlunti/5b237b6c-d253-11e7-8922-2c600c383abb.mp4','NULL',6,'腹'),(64,'duierlunti/5b23a27d-d253-11e7-8922-2c600c383abb.mp4','NULL',6,'腹外'),(65,'duierlunti/5b23c98e-d253-11e7-8922-2c600c383abb.mp4','NULL',6,'颈'),(66,'duierlunti/5b23c98f-d253-11e7-8922-2c600c383abb.mp4','NULL',6,'颈椎区'),(67,'duierlunti/5b23c990-d253-11e7-8922-2c600c383abb.mp4','NULL',6,'骶椎区'),(68,'duierlunti/5b23f0a1-d253-11e7-8922-2c600c383abb.mp4','NULL',6,'骶髂关节'),(69,'duierlunxiajiao/75b42bf1-d253-11e7-a330-2c600c383abb.mp4','NULL',7,'交感'),(70,'duierlunxiajiao/75b42bf2-d253-11e7-a330-2c600c383abb.mp4','NULL',7,'坐骨神经'),(71,'duierlunxiajiao/75b45303-d253-11e7-a330-2c600c383abb.mp4','NULL',7,'臀'),(72,'duierlunshangjiao/bfc50c51-d253-11e7-9805-2c600c383abb.mp4','NULL',8,'外膝'),(73,'duierlunshangjiao/bfc50c52-d253-11e7-9805-2c600c383abb.mp4','NULL',8,'股四头肌'),(74,'duierlunshangjiao/bfc53363-d253-11e7-9805-2c600c383abb.mp4','NULL',8,'腓肠肌点'),(75,'duierlunshangjiao/bfc53364-d253-11e7-9805-2c600c383abb.mp4','NULL',8,'腘窝'),(76,'duierlunshangjiao/bfc55a75-d253-11e7-9805-2c600c383abb.mp4','NULL',8,'膝关节'),(77,'duierlunshangjiao/bfc55a76-d253-11e7-9805-2c600c383abb.mp4','NULL',8,'足心'),(78,'duierlunshangjiao/bfc55a77-d253-11e7-9805-2c600c383abb.mp4','NULL',8,'足背'),(79,'duierlunshangjiao/bfc58188-d253-11e7-9805-2c600c383abb.mp4','NULL',8,'趾'),(80,'duierlunshangjiao/bfc58189-d253-11e7-9805-2c600c383abb.mp4','NULL',8,'跟'),(81,'duierlunshangjiao/bfc5818a-d253-11e7-9805-2c600c383abb.mp4','NULL',8,'踝关节'),(82,'duierlunshangjiao/bfc5a89b-d253-11e7-9805-2c600c383abb.mp4','NULL',8,'髋关节'),(83,'erzhou/d30cf611-d253-11e7-9d72-2c600c383abb.mp4','NULL',9,'指'),(84,'erzhou/d30d1d22-d253-11e7-9d72-2c600c383abb.mp4','NULL',9,'耳大神经点'),(85,'erzhou/d30d1d23-d253-11e7-9d72-2c600c383abb.mp4','NULL',9,'肘'),(86,'erzhou/d30d4434-d253-11e7-9d72-2c600c383abb.mp4','NULL',9,'肩'),(87,'erzhou/d30d4435-d253-11e7-9d72-2c600c383abb.mp4','NULL',9,'肩关节'),(88,'erzhou/d30d4436-d253-11e7-9d72-2c600c383abb.mp4','NULL',9,'肾炎点'),(89,'erzhou/d30d6b47-d253-11e7-9d72-2c600c383abb.mp4','NULL',9,'腋下'),(90,'erzhou/d30d6b48-d253-11e7-9d72-2c600c383abb.mp4','NULL',9,'腕'),(91,'erzhou/d30d9259-d253-11e7-9d72-2c600c383abb.mp4','NULL',9,'过敏区'),(92,'erzhou/d30d925a-d253-11e7-9d72-2c600c383abb.mp4','NULL',9,'锁骨'),(93,'erzhou/d30d925b-d253-11e7-9d72-2c600c383abb.mp4','NULL',9,'风湿线'),(94,'sanjiaowo/e8737a11-d253-11e7-86b4-2c600c383abb.mp4','NULL',10,'子宫'),(95,'sanjiaowo/e873a122-d253-11e7-86b4-2c600c383abb.mp4','NULL',10,'宫颈'),(96,'sanjiaowo/e873a123-d253-11e7-86b4-2c600c383abb.mp4','NULL',10,'盆腔'),(97,'sanjiaowo/e873c834-d253-11e7-86b4-2c600c383abb.mp4','NULL',10,'神门'),(98,'sanjiaowo/e873c835-d253-11e7-86b4-2c600c383abb.mp4','NULL',10,'耳肝点'),(99,'sanjiaowo/e873c836-d253-11e7-86b4-2c600c383abb.mp4','NULL',10,'腹股沟'),(100,'sanjiaowo/e873ef47-d253-11e7-86b4-2c600c383abb.mp4','NULL',10,'输卵管'),(101,'sanjiaowo/e873ef48-d253-11e7-86b4-2c600c383abb.mp4','NULL',10,'附件'),(102,'sanjiaowo/e8741659-d253-11e7-86b4-2c600c383abb.mp4','NULL',10,'降压点'),(103,'erlunjiao/16ae7fb1-d254-11e7-a0ce-2c600c383abb.mp4','NULL',11,'耳中'),(104,'erlunjiao/16aea6c2-d254-11e7-a0ce-2c600c383abb.mp4','NULL',11,'膈'),(105,'erlunjiaozhouwei/29250fb1-d254-11e7-a149-2c600c383abb.mp4','NULL',12,'乙状结肠-阑尾'),(106,'erlunjiaozhouwei/29250fb2-d254-11e7-a149-2c600c383abb.mp4','NULL',12,'十二指肠'),(107,'erlunjiaozhouwei/292536c3-d254-11e7-a149-2c600c383abb.mp4','NULL',12,'口'),(108,'erlunjiaozhouwei/292536c4-d254-11e7-a149-2c600c383abb.mp4','NULL',12,'大肠'),(109,'erlunjiaozhouwei/292536c5-d254-11e7-a149-2c600c383abb.mp4','NULL',12,'小肠'),(110,'erlunjiaozhouwei/29255dd6-d254-11e7-a149-2c600c383abb.mp4','NULL',12,'胃'),(111,'erlunjiaozhouwei/29255dd7-d254-11e7-a149-2c600c383abb.mp4','NULL',12,'贲门'),(112,'erlunjiaozhouwei/292584e8-d254-11e7-a149-2c600c383abb.mp4','NULL',12,'食道'),(113,'erjiating/3f82ec01-d254-11e7-96db-2c600c383abb.mp4','NULL',13,'下焦'),(114,'erjiating/3f831312-d254-11e7-96db-2c600c383abb.mp4','NULL',13,'前列腺'),(115,'erjiating/3f831313-d254-11e7-96db-2c600c383abb.mp4','NULL',13,'糖尿病点'),(116,'erjiating/3f833a24-d254-11e7-96db-2c600c383abb.mp4','NULL',13,'肝'),(117,'erjiating/3f833a25-d254-11e7-96db-2c600c383abb.mp4','NULL',13,'肾'),(118,'erjiating/3f836136-d254-11e7-96db-2c600c383abb.mp4','NULL',13,'胆囊--胰腺'),(119,'erjiating/3f836137-d254-11e7-96db-2c600c383abb.mp4','NULL',13,'胆道'),(120,'erjiating/3f836138-d254-11e7-96db-2c600c383abb.mp4','NULL',13,'脐周'),(121,'erjiating/3f838849-d254-11e7-96db-2c600c383abb.mp4','NULL',13,'腹水点'),(122,'erjiating/3f83884a-d254-11e7-96db-2c600c383abb.mp4','NULL',13,'腹胀区'),(123,'erjiating/3f83af5b-d254-11e7-96db-2c600c383abb.mp4','NULL',13,'膀胱'),(124,'erjiating/3f83af5c-d254-11e7-96db-2c600c383abb.mp4','NULL',13,'输尿管'),(125,'erjiating/3f83af5d-d254-11e7-96db-2c600c383abb.mp4','NULL',13,'醉点'),(126,'erjiaqiang/56b640c1-d254-11e7-90d8-2c600c383abb.mp4','NULL',14,'三焦'),(127,'erjiaqiang/56b667d2-d254-11e7-90d8-2c600c383abb.mp4','NULL',14,'心'),(128,'erjiaqiang/56b667d3-d254-11e7-90d8-2c600c383abb.mp4','NULL',14,'支气管'),(129,'erjiaqiang/56b667d4-d254-11e7-90d8-2c600c383abb.mp4','NULL',14,'气管'),(130,'erjiaqiang/56b68ee5-d254-11e7-90d8-2c600c383abb.mp4','NULL',14,'肺'),(131,'erjiaqiang/56b68ee6-d254-11e7-90d8-2c600c383abb.mp4','NULL',14,'脾'),(132,'erjiaqiang/56b6b5f7-d254-11e7-90d8-2c600c383abb.mp4','NULL',14,'血液点'),(133,'pingjianqieji/79c61541-d254-11e7-9bf3-2c600c383abb.mp4','NULL',15,'促性腺激素点'),(134,'pingjianqieji/79c63c52-d254-11e7-9bf3-2c600c383abb.mp4','NULL',15,'内分泌'),(135,'pingjianqieji/79c66363-d254-11e7-9bf3-2c600c383abb.mp4','NULL',15,'升压点'),(136,'pingjianqieji/79c66364-d254-11e7-9bf3-2c600c383abb.mp4','NULL',15,'卵巢'),(137,'pingjianqieji/79c68a75-d254-11e7-9bf3-2c600c383abb.mp4','NULL',15,'目1'),(138,'pingjianqieji/79c68a76-d254-11e7-9bf3-2c600c383abb.mp4','NULL',15,'目2'),(139,'erlun/92ff2511-d254-11e7-9d88-2c600c383abb.mp4','NULL',16,'动情穴'),(140,'erlun/92ff4c22-d254-11e7-9d88-2c600c383abb.mp4','NULL',16,'外交感'),(141,'erlun/92ff4c23-d254-11e7-9d88-2c600c383abb.mp4','NULL',16,'外生殖器'),(142,'erlun/92ff7334-d254-11e7-9d88-2c600c383abb.mp4','NULL',16,'尿道'),(143,'erlun/92ff7335-d254-11e7-9d88-2c600c383abb.mp4','NULL',16,'枕小神经点'),(144,'erlun/92ff7336-d254-11e7-9d88-2c600c383abb.mp4','NULL',16,'直肠'),(145,'erlun/92ff9a47-d254-11e7-9d88-2c600c383abb.mp4','NULL',16,'耳尖'),(146,'erlun/92ff9a48-d254-11e7-9d88-2c600c383abb.mp4','NULL',16,'肛门'),(147,'erlun/92ffc159-d254-11e7-9d88-2c600c383abb.mp4','NULL',16,'肝阳'),(148,'erlun/92ffc15a-d254-11e7-9d88-2c600c383abb.mp4','NULL',16,'轮1~轮6'),(149,'erbei/a613c9d1-d254-11e7-b892-2c600c383abb.mp4','NULL',17,'耳背穴');
/*!40000 ALTER TABLE `acupoint` ENABLE KEYS */;
UNLOCK TABLES;

--
-- Table structure for table `answer`
--

DROP TABLE IF EXISTS `answer`;
/*!40101 SET @saved_cs_client     = @@character_set_client */;
/*!40101 SET character_set_client = utf8 */;
CREATE TABLE `answer` (
  `aid` int(11) NOT NULL AUTO_INCREMENT,
  `qid` int(11) DEFAULT NULL,
  `content` text,
  `answerTime` timestamp NULL DEFAULT CURRENT_TIMESTAMP,
  PRIMARY KEY (`aid`)
) ENGINE=InnoDB AUTO_INCREMENT=5 DEFAULT CHARSET=utf8;
/*!40101 SET character_set_client = @saved_cs_client */;

--
-- Dumping data for table `answer`
--

LOCK TABLES `answer` WRITE;
/*!40000 ALTER TABLE `answer` DISABLE KEYS */;
INSERT INTO `answer` VALUES (1,1,'　如果有胃火，口臭是最明显的表现，牙龈肿痛、便秘等也是胃火的症状。但要注意的是，不要仅靠便秘来判断胃火，有胃火会便秘，但是有便秘却不一定是胃火。','2017-11-18 07:31:09'),(2,1,'稍等片刻','2017-11-18 07:31:31'),(3,1,'这个问题我没法回答！','2017-11-18 07:32:47'),(4,11,'meishi ','2017-12-06 06:31:35');
/*!40000 ALTER TABLE `answer` ENABLE KEYS */;
UNLOCK TABLES;

--
-- Table structure for table `comment`
--

DROP TABLE IF EXISTS `comment`;
/*!40101 SET @saved_cs_client     = @@character_set_client */;
/*!40101 SET character_set_client = utf8 */;
CREATE TABLE `comment` (
  `cid` int(11) NOT NULL AUTO_INCREMENT,
  `diseaseId` int(11) NOT NULL,
  `uid` int(11) NOT NULL,
  `content` text,
  `createtime` timestamp NOT NULL DEFAULT CURRENT_TIMESTAMP,
  PRIMARY KEY (`cid`)
) ENGINE=InnoDB AUTO_INCREMENT=7 DEFAULT CHARSET=utf8 COMMENT='评论表';
/*!40101 SET character_set_client = @saved_cs_client */;

--
-- Dumping data for table `comment`
--

LOCK TABLES `comment` WRITE;
/*!40000 ALTER TABLE `comment` DISABLE KEYS */;
INSERT INTO `comment` VALUES (5,1,7,'有奇效，推荐使用！','2017-10-26 00:36:44'),(6,1,7,'五星好评！','2017-10-26 00:37:00');
/*!40000 ALTER TABLE `comment` ENABLE KEYS */;
UNLOCK TABLES;

--
-- Table structure for table `diseaseandacupoint`
--

DROP TABLE IF EXISTS `diseaseandacupoint`;
/*!40101 SET @saved_cs_client     = @@character_set_client */;
/*!40101 SET character_set_client = utf8 */;
CREATE TABLE `diseaseandacupoint` (
  `id` int(11) NOT NULL AUTO_INCREMENT,
  `acupointid` int(11) NOT NULL,
  `acupointType` varchar(45) DEFAULT NULL,
  `diseaseCategoryId` int(11) DEFAULT NULL,
  PRIMARY KEY (`id`),
  KEY `acupointid_idx` (`acupointid`)
) ENGINE=InnoDB AUTO_INCREMENT=2790 DEFAULT CHARSET=utf8 COMMENT='疾病对应穴位表';
/*!40101 SET character_set_client = @saved_cs_client */;

--
-- Dumping data for table `diseaseandacupoint`
--

LOCK TABLES `diseaseandacupoint` WRITE;
/*!40000 ALTER TABLE `diseaseandacupoint` DISABLE KEYS */;
INSERT INTO `diseaseandacupoint` VALUES (2,145,'主穴',1),(3,20,'配穴',1),(4,41,'配穴',1),(5,61,'配穴',1),(6,84,'配穴',1),(7,97,'配穴',1),(8,143,'配穴',1),(17,86,'主穴',3),(27,87,'主穴',3),(28,92,'主穴',3),(29,145,'主穴',3),(30,84,'配穴',3),(31,47,'主穴',4),(32,91,'主穴',4),(33,134,'主穴',4),(34,145,'主穴',4),(35,116,'配穴',4),(36,117,'配穴',4),(37,126,'配穴',4),(38,131,'配穴',4),(39,18,'主穴',5),(40,47,'主穴',5),(41,134,'主穴',5),(42,143,'主穴',5),(43,145,'主穴',5),(44,116,'配穴',5),(45,117,'配穴',5),(46,126,'配穴',5),(47,131,'配穴',5),(48,47,'主穴',6),(49,134,'主穴',6),(50,116,'配穴',6),(51,117,'配穴',6),(52,131,'配穴',6),(53,18,'主穴',7),(54,116,'主穴',7),(55,117,'主穴',7),(56,126,'主穴',7),(57,131,'主穴',7),(58,134,'主穴',7),(59,145,'主穴',7),(60,47,'主穴',8),(61,61,'主穴',8),(62,117,'主穴',8),(63,123,'主穴',8),(64,134,'主穴',8),(69,61,'主穴',10),(70,68,'主穴',11),(84,53,'主穴',13),(85,70,'主穴',13),(86,71,'主穴',13),(87,75,'主穴',13),(88,82,'主穴',13),(98,77,'主穴',16),(99,143,'主穴',16),(100,145,'主穴',16),(101,66,'主穴',17),(102,84,'主穴',17),(103,18,'配穴',17),(104,19,'配穴',17),(105,20,'配穴',17),(106,24,'配穴',17),(107,26,'配穴',17),(108,33,'配穴',17),(109,83,'配穴',17),(110,86,'配穴',17),(111,87,'配穴',17),(112,92,'配穴',17),(113,143,'配穴',17),(119,58,'主穴',19),(120,84,'主穴',19),(121,116,'配穴',19),(122,131,'配穴',19),(123,85,'主穴',20),(124,90,'主穴',21),(125,143,'主穴',21),(126,83,'主穴',22),(127,90,'主穴',22),(128,143,'主穴',22),(129,145,'主穴',22),(131,18,'主穴',24),(132,44,'主穴',24),(133,69,'主穴',24),(134,116,'主穴',24),(135,127,'主穴',24),(136,130,'主穴',24),(137,131,'主穴',24),(138,62,'主穴',27),(139,72,'主穴',28),(140,76,'主穴',28),(141,145,'主穴',28),(142,75,'配穴',28),(146,18,'主穴',29),(148,57,'主穴',29),(149,59,'主穴',29),(150,69,'主穴',29),(151,53,'主穴',30),(152,9,'主穴',31),(153,130,'主穴',31),(154,138,'主穴',31),(155,145,'主穴',31),(156,47,'配穴',31),(157,91,'配穴',31),(158,9,'主穴',32),(159,131,'主穴',32),(160,138,'主穴',32),(161,145,'主穴',32),(162,9,'主穴',33),(163,47,'主穴',33),(164,130,'主穴',33),(165,131,'主穴',33),(166,145,'主穴',33),(167,9,'主穴',34),(168,20,'主穴',34),(169,69,'主穴',34),(170,116,'主穴',34),(171,117,'主穴',34),(172,131,'主穴',34),(173,138,'主穴',34),(174,145,'主穴',34),(184,9,'主穴',36),(185,20,'主穴',36),(186,69,'主穴',36),(187,116,'主穴',36),(188,117,'主穴',36),(189,137,'主穴',36),(190,138,'主穴',36),(191,145,'主穴',36),(200,9,'主穴',38),(201,24,'主穴',38),(202,116,'主穴',38),(203,126,'主穴',38),(204,131,'主穴',38),(205,9,'主穴',39),(206,20,'主穴',39),(207,30,'主穴',39),(208,116,'主穴',39),(209,117,'主穴',39),(210,137,'主穴',39),(211,138,'主穴',39),(212,9,'主穴',40),(214,69,'主穴',40),(215,116,'主穴',40),(216,117,'主穴',40),(217,134,'主穴',40),(218,138,'主穴',40),(219,145,'主穴',40),(220,9,'主穴',41),(221,20,'主穴',41),(222,30,'主穴',41),(223,69,'主穴',41),(224,116,'主穴',41),(225,117,'主穴',41),(226,138,'主穴',41),(227,145,'主穴',41),(228,9,'主穴',42),(229,20,'主穴',42),(230,91,'主穴',42),(231,116,'主穴',42),(232,130,'主穴',42),(233,134,'主穴',42),(234,138,'主穴',42),(235,145,'主穴',42),(236,18,'主穴',43),(237,20,'主穴',43),(238,30,'主穴',43),(239,69,'主穴',43),(240,97,'主穴',43),(241,102,'主穴',43),(242,116,'主穴',43),(243,117,'主穴',43),(244,127,'主穴',43),(245,145,'主穴',43),(246,27,'主穴',44),(247,47,'主穴',44),(248,116,'主穴',44),(250,127,'主穴',44),(251,134,'主穴',44),(252,135,'主穴',44),(267,18,'主穴',46),(268,59,'主穴',46),(269,69,'主穴',46),(270,109,'主穴',46),(271,127,'主穴',46),(272,134,'主穴',46),(274,18,'主穴',47),(275,47,'主穴',47),(276,69,'主穴',47),(277,116,'主穴',47),(278,127,'主穴',47),(279,130,'主穴',47),(280,117,'配穴',47),(281,134,'配穴',47),(282,103,'主穴',48),(283,116,'主穴',48),(284,131,'主穴',48),(285,132,'主穴',48),(286,110,'配穴',48),(287,126,'配穴',48),(288,134,'配穴',48),(298,21,'主穴',51),(299,106,'主穴',51),(300,110,'主穴',51),(327,111,'主穴',51),(328,131,'主穴',51),(329,69,'配穴',51),(330,118,'配穴',51),(341,20,'主穴',53),(342,24,'主穴',53),(343,69,'主穴',53),(344,110,'主穴',53),(345,111,'主穴',53),(346,116,'主穴',53),(347,131,'主穴',53),(386,69,'主穴',58),(387,97,'主穴',58),(388,110,'主穴',58),(389,131,'主穴',58),(390,21,'配穴',58),(391,109,'配穴',58),(392,116,'配穴',58),(408,20,'主穴',59),(409,69,'主穴',59),(410,97,'主穴',59),(411,110,'主穴',59),(412,21,'配穴',59),(413,103,'配穴',59),(414,108,'配穴',59),(415,109,'配穴',59),(416,111,'配穴',59),(417,116,'配穴',59),(418,118,'配穴',59),(419,126,'配穴',59),(420,130,'配穴',59),(421,131,'配穴',59),(422,145,'配穴',59),(440,69,'主穴',61),(441,108,'主穴',61),(442,109,'主穴',61),(443,110,'主穴',61),(444,113,'主穴',61),(445,131,'主穴',61),(446,144,'主穴',61),(447,145,'主穴',61),(448,111,'配穴',61),(449,21,'主穴',62),(450,47,'主穴',62),(451,116,'主穴',62),(452,126,'主穴',62),(453,131,'主穴',62),(454,134,'主穴',62),(455,56,'配穴',62),(456,98,'配穴',62),(457,103,'配穴',62),(458,122,'配穴',62),(459,21,'主穴',63),(460,103,'主穴',63),(461,116,'主穴',63),(462,118,'主穴',63),(463,122,'主穴',63),(464,126,'主穴',63),(465,56,'配穴',63),(466,98,'配穴',63),(467,134,'配穴',63),(468,21,'主穴',64),(469,69,'主穴',64),(470,105,'主穴',64),(471,108,'主穴',64),(472,113,'主穴',64),(473,131,'主穴',64),(474,134,'主穴',64),(475,144,'主穴',64),(476,145,'主穴',64),(530,46,'主穴',70),(531,126,'主穴',70),(532,20,'配穴',70),(533,39,'配穴',70),(534,47,'配穴',70),(535,97,'配穴',70),(536,134,'配穴',70),(537,145,'配穴',70),(538,20,'主穴',71),(539,39,'主穴',71),(540,47,'主穴',71),(541,91,'主穴',71),(542,97,'主穴',71),(543,104,'主穴',71),(544,130,'主穴',71),(545,134,'主穴',71),(546,145,'主穴',71),(547,5,'主穴',72),(548,31,'主穴',72),(549,126,'主穴',72),(550,145,'主穴',72),(585,32,'主穴',78),(586,36,'主穴',78),(587,37,'主穴',78),(588,50,'主穴',78),(589,59,'主穴',78),(590,69,'主穴',78),(591,107,'主穴',78),(592,112,'主穴',78),(593,126,'主穴',78),(594,129,'主穴',78),(595,130,'主穴',78),(620,37,'主穴',82),(621,47,'主穴',82),(622,69,'主穴',82),(623,126,'主穴',82),(624,129,'主穴',82),(625,145,'主穴',82),(632,36,'主穴',84),(633,37,'主穴',84),(634,112,'主穴',84),(635,126,'主穴',84),(636,129,'主穴',84),(637,130,'主穴',84),(638,12,'配穴',84),(639,24,'配穴',84),(640,59,'配穴',84),(641,116,'配穴',84),(652,14,'主穴',86),(653,32,'主穴',86),(654,107,'主穴',86),(655,126,'主穴',86),(657,1,'主穴',87),(658,3,'主穴',87),(660,107,'主穴',87),(661,126,'主穴',87),(662,131,'主穴',87),(663,145,'配穴',87),(664,1,'主穴',88),(665,3,'主穴',88),(666,27,'主穴',88),(667,47,'主穴',88),(668,104,'主穴',88),(669,107,'主穴',88),(670,131,'主穴',88),(671,145,'主穴',88),(672,1,'主穴',89),(673,3,'主穴',89),(674,8,'主穴',89),(675,107,'主穴',89),(676,126,'主穴',89),(677,108,'配穴',89),(678,110,'配穴',89),(679,117,'配穴',89),(680,145,'配穴',89),(681,1,'主穴',90),(682,3,'主穴',90),(683,107,'主穴',90),(684,108,'主穴',90),(685,110,'主穴',90),(686,131,'主穴',90),(687,11,'主穴',91),(688,126,'主穴',91),(689,127,'主穴',91),(690,131,'主穴',91),(691,11,'主穴',92),(692,126,'主穴',92),(693,127,'主穴',92),(694,18,'主穴',93),(695,20,'主穴',93),(696,24,'主穴',93),(697,69,'主穴',93),(698,97,'主穴',93),(699,127,'主穴',93),(700,130,'主穴',93),(701,131,'主穴',93),(702,145,'主穴',93),(720,63,'主穴',96),(721,69,'主穴',96),(722,105,'主穴',96),(723,20,'配穴',96),(724,97,'配穴',96),(725,134,'配穴',96),(726,47,'主穴',97),(727,134,'主穴',97),(728,145,'主穴',97),(729,20,'配穴',97),(730,97,'配穴',97),(731,47,'主穴',98),(732,91,'主穴',98),(733,134,'主穴',98),(734,145,'主穴',98),(735,116,'配穴',98),(736,131,'配穴',98),(780,24,'主穴',103),(781,145,'主穴',103),(782,18,'配穴',103),(783,20,'配穴',103),(784,29,'配穴',103),(785,30,'配穴',103),(786,31,'配穴',103),(787,35,'配穴',103),(788,66,'配穴',103),(789,69,'配穴',103),(790,138,'配穴',103),(791,140,'配穴',103),(792,143,'配穴',103),(793,19,'主穴',104),(794,20,'主穴',104),(795,116,'主穴',104),(796,140,'主穴',104),(797,145,'主穴',104),(798,5,'配穴',104),(799,18,'配穴',104),(800,24,'配穴',104),(801,26,'配穴',104),(802,69,'配穴',104),(803,111,'配穴',104),(804,126,'配穴',104),(805,131,'配穴',104),(806,24,'主穴',105),(807,26,'主穴',105),(808,33,'主穴',105),(809,117,'主穴',105),(810,127,'主穴',105),(811,145,'主穴',105),(812,97,'配穴',105),(813,143,'配穴',105),(830,9,'主穴',107),(831,12,'主穴',107),(832,13,'主穴',107),(833,24,'主穴',107),(834,33,'主穴',107),(835,97,'主穴',107),(836,107,'主穴',107),(837,116,'主穴',107),(838,126,'主穴',107),(839,131,'主穴',107),(840,145,'主穴',107),(841,13,'主穴',108),(842,18,'主穴',108),(843,33,'主穴',108),(844,47,'主穴',108),(845,69,'主穴',108),(846,107,'主穴',108),(847,116,'主穴',108),(848,126,'主穴',108),(849,131,'主穴',108),(850,134,'主穴',108),(851,145,'主穴',108),(860,20,'主穴',110),(861,22,'主穴',110),(862,24,'主穴',110),(863,26,'主穴',110),(864,33,'主穴',110),(865,97,'主穴',110),(866,116,'主穴',110),(867,117,'主穴',110),(868,46,'配穴',110),(869,143,'配穴',110),(870,12,'主穴',111),(871,24,'主穴',111),(872,30,'主穴',111),(873,33,'主穴',111),(874,97,'主穴',111),(875,116,'主穴',111),(876,127,'主穴',111),(877,36,'配穴',111),(878,37,'配穴',111),(879,107,'配穴',111),(896,15,'主穴',114),(897,20,'主穴',114),(898,24,'主穴',114),(899,69,'主穴',114),(900,97,'主穴',114),(901,117,'主穴',114),(902,127,'主穴',114),(903,145,'主穴',114),(910,24,'主穴',116),(911,69,'主穴',116),(912,127,'主穴',116),(913,130,'主穴',116),(914,20,'配穴',116),(915,97,'配穴',116),(916,10,'主穴',117),(917,20,'主穴',117),(918,24,'主穴',117),(919,26,'主穴',117),(920,33,'主穴',117),(921,97,'主穴',117),(924,145,'主穴',117),(925,12,'主穴',118),(926,15,'主穴',118),(927,16,'主穴',118),(928,26,'主穴',118),(929,30,'主穴',118),(930,134,'主穴',118),(990,15,'主穴',125),(991,24,'主穴',125),(992,27,'主穴',125),(993,47,'主穴',125),(994,91,'主穴',125),(995,116,'主穴',125),(996,117,'主穴',125),(997,130,'主穴',125),(998,131,'主穴',125),(999,134,'主穴',125),(1017,91,'主穴',128),(1018,130,'主穴',128),(1019,131,'主穴',128),(1020,134,'主穴',128),(1021,145,'主穴',128),(1022,18,'配穴',128),(1023,47,'配穴',128),(1024,97,'配穴',128),(1025,108,'配穴',128),(1026,127,'配穴',128),(1027,91,'主穴',129),(1028,97,'主穴',129),(1029,145,'主穴',129),(1030,20,'配穴',129),(1031,47,'配穴',129),(1032,110,'配穴',129),(1033,116,'配穴',129),(1034,118,'配穴',129),(1035,130,'配穴',129),(1036,131,'配穴',129),(1037,134,'配穴',129),(1051,91,'主穴',131),(1052,116,'主穴',131),(1053,130,'主穴',131),(1054,131,'主穴',131),(1055,134,'主穴',131),(1056,145,'主穴',131),(1074,47,'主穴',134),(1075,91,'主穴',134),(1076,116,'主穴',134),(1077,130,'主穴',134),(1078,131,'主穴',134),(1079,134,'主穴',134),(1080,145,'主穴',134),(1081,47,'主穴',135),(1082,91,'主穴',135),(1083,116,'主穴',135),(1084,130,'主穴',135),(1085,131,'主穴',135),(1086,134,'主穴',135),(1087,145,'主穴',135),(1088,47,'主穴',136),(1089,91,'主穴',136),(1090,116,'主穴',136),(1091,130,'主穴',136),(1092,131,'主穴',136),(1093,134,'主穴',136),(1094,145,'主穴',136),(1148,27,'主穴',141),(1149,45,'主穴',141),(1150,134,'主穴',141),(1151,15,'配穴',141),(1152,116,'配穴',141),(1153,117,'配穴',141),(1154,126,'配穴',141),(1155,109,'主穴',142),(1156,110,'主穴',142),(1157,114,'主穴',142),(1158,116,'主穴',142),(1159,118,'主穴',142),(1160,126,'主穴',142),(1161,24,'主穴',143),(1162,64,'主穴',143),(1163,69,'主穴',143),(1164,97,'主穴',143),(1165,113,'主穴',143),(1166,117,'主穴',143),(1167,126,'主穴',143),(1168,145,'主穴',143),(1169,24,'主穴',144),(1170,69,'主穴',144),(1171,97,'主穴',144),(1172,113,'主穴',144),(1173,123,'主穴',144),(1174,124,'主穴',144),(1175,145,'主穴',144),(1176,24,'主穴',145),(1177,69,'主穴',145),(1178,97,'主穴',145),(1179,113,'主穴',145),(1180,116,'主穴',145),(1181,123,'主穴',145),(1182,145,'主穴',145),(1189,24,'主穴',146),(1190,69,'主穴',146),(1191,97,'主穴',146),(1192,113,'主穴',146),(1193,114,'主穴',146),(1194,123,'主穴',146),(1195,142,'主穴',146),(1225,20,'主穴',151),(1226,24,'主穴',151),(1227,27,'主穴',151),(1228,116,'主穴',151),(1229,123,'主穴',151),(1230,142,'主穴',151),(1275,27,'主穴',156),(1276,96,'主穴',156),(1277,113,'主穴',156),(1278,114,'主穴',156),(1279,116,'主穴',156),(1280,117,'主穴',156),(1281,126,'主穴',156),(1282,133,'主穴',156),(1283,134,'主穴',156),(1284,142,'主穴',156),(1285,20,'主穴',157),(1286,96,'主穴',157),(1287,97,'主穴',157),(1288,114,'主穴',157),(1289,116,'主穴',157),(1290,124,'主穴',157),(1291,147,'主穴',157),(1316,47,'主穴',160),(1317,59,'主穴',160),(1318,97,'主穴',160),(1319,130,'主穴',160),(1320,108,'配穴',160),(1321,129,'配穴',160),(1322,134,'配穴',160),(1323,35,'主穴',161),(1324,36,'主穴',161),(1325,37,'主穴',161),(1326,130,'主穴',161),(1327,145,'主穴',161),(1328,17,'配穴',161),(1330,19,'配穴',161),(1331,20,'配穴',161),(1345,128,'配穴',161),(1346,129,'配穴',161),(1349,18,'主穴',162),(1350,59,'主穴',162),(1351,69,'主穴',162),(1352,17,'主穴',163),(1353,47,'主穴',163),(1354,59,'主穴',163),(1355,69,'主穴',163),(1356,91,'主穴',163),(1357,128,'主穴',163),(1358,130,'主穴',163),(1359,131,'主穴',163),(1361,47,'主穴',183),(1362,91,'主穴',183),(1363,130,'主穴',183),(1364,131,'主穴',183),(1365,134,'主穴',183),(1366,145,'主穴',183),(1374,12,'主穴',185),(1375,24,'主穴',185),(1376,69,'主穴',185),(1377,97,'主穴',185),(1378,107,'主穴',185),(1379,130,'主穴',185),(1380,12,'主穴',186),(1381,24,'主穴',186),(1382,69,'主穴',186),(1383,97,'主穴',186),(1384,116,'主穴',186),(1385,125,'主穴',186),(1403,24,'主穴',188),(1404,30,'主穴',188),(1405,117,'主穴',188),(1406,127,'主穴',188),(1407,130,'主穴',188),(1408,131,'主穴',188),(1409,133,'主穴',188),(1410,134,'主穴',188),(1411,18,'配穴',188),(1412,26,'配穴',188),(1413,27,'配穴',188),(1414,27,'主穴',189),(1415,116,'主穴',189),(1416,117,'主穴',189),(1417,126,'主穴',189),(1418,130,'主穴',189),(1419,134,'主穴',189),(1420,15,'配穴',189),(1421,69,'配穴',189),(1422,133,'配穴',189),(1432,15,'主穴',191),(1433,27,'主穴',191),(1434,47,'主穴',191),(1435,116,'主穴',191),(1436,117,'主穴',191),(1437,127,'主穴',191),(1438,134,'主穴',191),(1458,20,'主穴',195),(1459,24,'主穴',195),(1460,26,'主穴',195),(1461,33,'主穴',195),(1462,97,'主穴',195),(1463,116,'主穴',195),(1464,143,'主穴',195),(1465,145,'主穴',195),(1485,47,'主穴',198),(1486,91,'主穴',198),(1487,134,'主穴',198),(1488,145,'主穴',198),(1489,116,'配穴',198),(1490,117,'配穴',198),(1491,126,'配穴',198),(1492,131,'配穴',198),(1493,21,'主穴',199),(1494,107,'主穴',199),(1495,109,'主穴',199),(1496,110,'主穴',199),(1497,118,'主穴',199),(1498,131,'主穴',199),(1499,134,'主穴',199),(1509,15,'主穴',201),(1510,24,'主穴',201),(1511,69,'主穴',201),(1512,12,'配穴',201),(1513,20,'配穴',201),(1514,97,'配穴',201),(1515,103,'配穴',201),(1516,117,'配穴',201),(1517,127,'配穴',201),(1518,145,'配穴',201),(1524,47,'主穴',203),(1525,91,'主穴',203),(1526,116,'主穴',203),(1527,131,'主穴',203),(1528,134,'主穴',203),(1529,145,'主穴',203),(1575,95,'主穴',168),(1576,116,'主穴',168),(1577,117,'主穴',168),(1578,126,'主穴',168),(1579,131,'主穴',168),(1580,134,'主穴',168),(1581,145,'主穴',168),(1585,113,'配穴',168),(1602,47,'主穴',171),(1603,113,'主穴',171),(1604,116,'主穴',171),(1605,134,'主穴',171),(1606,136,'主穴',171),(1648,15,'主穴',177),(1649,24,'主穴',177),(1650,27,'主穴',177),(1651,34,'主穴',177),(1652,116,'主穴',177),(1653,117,'主穴',177),(1654,134,'主穴',177),(1655,20,'主穴',178),(1656,24,'主穴',178),(1657,97,'主穴',178),(1658,110,'主穴',178),(1659,111,'主穴',178),(1660,116,'主穴',178),(1682,27,'主穴',182),(1683,94,'主穴',182),(1684,116,'主穴',182),(1685,134,'主穴',182),(1686,136,'主穴',182),(1687,20,'配穴',182),(1688,47,'配穴',182),(1689,97,'配穴',182),(1690,104,'配穴',182),(1691,105,'配穴',182),(1692,108,'配穴',182),(1693,123,'配穴',182),(1694,130,'配穴',182),(1695,131,'配穴',182),(1696,142,'配穴',182),(1697,66,'主穴',2),(1698,84,'主穴',2),(1699,92,'主穴',2),(1700,18,'主穴',9),(1701,61,'主穴',9),(1702,84,'主穴',9),(1703,116,'主穴',9),(1704,117,'主穴',9),(1705,131,'主穴',9),(1706,134,'主穴',9),(1707,18,'主穴',14),(1708,74,'主穴',14),(1709,75,'主穴',14),(1710,116,'主穴',14),(1711,131,'主穴',14),(1712,143,'主穴',14),(1713,80,'主穴',15),(1714,116,'主穴',15),(1715,117,'主穴',15),(1716,143,'主穴',15),(1717,145,'主穴',15),(1718,18,'主穴',18),(1719,84,'主穴',18),(1720,116,'主穴',18),(1721,131,'主穴',18),(1722,134,'主穴',18),(1723,143,'主穴',18),(1724,145,'主穴',18),(1725,78,'主穴',23),(1726,90,'主穴',23),(1727,145,'主穴',23),(1728,9,'主穴',35),(1729,18,'主穴',35),(1730,20,'主穴',35),(1731,102,'主穴',35),(1732,116,'主穴',35),(1733,117,'主穴',35),(1734,137,'主穴',35),(1735,145,'主穴',35),(1736,9,'主穴',37),(1737,18,'主穴',37),(1738,20,'主穴',37),(1739,69,'主穴',37),(1740,116,'主穴',37),(1741,117,'主穴',37),(1742,134,'主穴',37),(1743,138,'主穴',37),(1744,145,'主穴',37),(1745,12,'主穴',45),(1746,18,'主穴',45),(1747,20,'主穴',45),(1748,24,'主穴',45),(1749,59,'主穴',45),(1750,69,'主穴',45),(1751,97,'主穴',45),(1752,127,'主穴',45),(1753,145,'主穴',45),(1764,21,'主穴',50),(1765,69,'主穴',50),(1766,106,'主穴',50),(1767,110,'主穴',50),(1768,111,'主穴',50),(1769,131,'主穴',50),(1770,116,'配穴',50),(1771,118,'配穴',50),(1772,126,'配穴',50),(1773,134,'配穴',50),(1774,21,'主穴',52),(1775,105,'主穴',52),(1776,108,'主穴',52),(1777,116,'主穴',52),(1778,126,'主穴',52),(1779,130,'主穴',52),(1780,131,'主穴',52),(1781,21,'主穴',54),(1782,69,'主穴',54),(1783,97,'主穴',54),(1784,104,'主穴',54),(1785,110,'主穴',54),(1786,111,'主穴',54),(1787,116,'主穴',54),(1788,126,'主穴',54),(1789,21,'主穴',55),(1790,59,'主穴',55),(1791,69,'主穴',55),(1792,111,'主穴',55),(1793,112,'主穴',55),(1794,131,'主穴',55),(1795,21,'主穴',56),(1796,69,'主穴',56),(1797,105,'主穴',56),(1798,108,'主穴',56),(1799,109,'主穴',56),(1800,116,'主穴',56),(1801,126,'主穴',56),(1802,131,'主穴',56),(1803,21,'主穴',57),(1804,108,'主穴',57),(1805,109,'主穴',57),(1806,110,'主穴',57),(1807,111,'主穴',57),(1808,131,'主穴',57),(1809,144,'主穴',57),(1810,145,'主穴',57),(1811,20,'主穴',60),(1812,21,'主穴',60),(1813,69,'主穴',60),(1814,97,'主穴',60),(1815,108,'主穴',60),(1816,113,'主穴',60),(1817,131,'主穴',60),(1818,144,'主穴',60),(1819,145,'主穴',60),(1820,91,'配穴',60),(1821,103,'配穴',60),(1822,111,'配穴',60),(1823,116,'配穴',60),(1824,117,'配穴',60),(1825,118,'配穴',60),(1826,134,'配穴',60),(1827,21,'主穴',65),(1828,69,'主穴',65),(1829,106,'主穴',65),(1830,118,'主穴',65),(1831,119,'主穴',65),(1832,126,'主穴',65),(1833,5,'主穴',66),(1834,19,'主穴',66),(1835,20,'主穴',66),(1836,116,'主穴',66),(1837,117,'主穴',66),(1838,118,'主穴',66),(1839,126,'主穴',66),(1840,145,'主穴',66),(1841,24,'配穴',66),(1842,97,'配穴',66),(1843,110,'配穴',66),(1844,111,'配穴',66),(1845,5,'主穴',67),(1846,31,'主穴',67),(1847,126,'主穴',67),(1848,18,'配穴',67),(1849,69,'配穴',67),(1850,116,'配穴',67),(1851,117,'配穴',67),(1852,118,'配穴',67),(1853,145,'配穴',67),(1854,5,'主穴',68),(1855,18,'主穴',68),(1856,31,'主穴',68),(1857,39,'主穴',68),(1858,69,'主穴',68),(1859,85,'主穴',68),(1860,117,'主穴',68),(1861,118,'主穴',68),(1862,126,'主穴',68),(1863,137,'主穴',68),(1864,140,'主穴',68),(1865,5,'主穴',69),(1866,31,'主穴',69),(1867,47,'主穴',69),(1868,51,'主穴',69),(1869,126,'主穴',69),(1870,131,'主穴',69),(1871,134,'主穴',69),(1872,145,'主穴',69),(1873,35,'主穴',73),(1874,39,'主穴',73),(1875,47,'主穴',73),(1876,91,'主穴',73),(1877,130,'主穴',73),(1878,35,'主穴',74),(1879,39,'主穴',74),(1880,47,'主穴',74),(1881,69,'主穴',74),(1882,91,'主穴',74),(1883,130,'主穴',74),(1884,131,'主穴',74),(1885,134,'主穴',74),(1886,145,'主穴',74),(1887,1,'主穴',75),(1888,2,'主穴',75),(1889,30,'主穴',75),(1890,35,'主穴',75),(1891,47,'主穴',75),(1892,51,'主穴',75),(1893,126,'主穴',75),(1894,130,'主穴',75),(1895,134,'主穴',75),(1896,50,'主穴',76),(1897,69,'主穴',76),(1898,91,'主穴',76),(1899,129,'主穴',76),(1900,130,'主穴',76),(1901,134,'主穴',76),(1902,145,'主穴',76),(1903,10,'主穴',77),(1904,18,'主穴',77),(1905,33,'主穴',77),(1906,35,'主穴',77),(1907,46,'主穴',77),(1908,69,'主穴',77),(1909,108,'主穴',77),(1910,126,'主穴',77),(1911,130,'主穴',77),(1912,134,'主穴',77),(1913,6,'主穴',79),(1914,32,'主穴',79),(1915,36,'主穴',79),(1916,37,'主穴',79),(1917,107,'主穴',79),(1918,129,'主穴',79),(1919,145,'主穴',79),(1937,37,'主穴',83),(1938,38,'主穴',83),(1939,107,'主穴',83),(1940,126,'主穴',83),(1941,129,'主穴',83),(1942,130,'主穴',83),(1943,131,'主穴',83),(1944,134,'主穴',83),(1945,2,'主穴',85),(1946,4,'主穴',85),(1947,11,'主穴',85),(1948,91,'主穴',85),(1949,107,'主穴',85),(1950,126,'主穴',85),(1951,131,'主穴',85),(1952,145,'主穴',85),(1953,27,'主穴',94),(1954,104,'主穴',94),(1955,108,'主穴',94),(1956,116,'主穴',94),(1957,126,'主穴',94),(1958,131,'主穴',94),(1959,144,'主穴',94),(1960,146,'主穴',94),(1961,27,'主穴',95),(1962,47,'主穴',95),(1963,104,'主穴',95),(1964,108,'主穴',95),(1965,131,'主穴',95),(1966,144,'主穴',95),(1967,145,'主穴',95),(1968,146,'主穴',95),(1969,47,'主穴',99),(1970,130,'主穴',99),(1971,131,'主穴',99),(1972,134,'主穴',99),(1973,145,'主穴',99),(1974,47,'主穴',100),(1975,130,'主穴',100),(1976,131,'主穴',100),(1977,134,'主穴',100),(1978,145,'主穴',100),(1979,10,'主穴',102),(1980,20,'主穴',102),(1981,24,'主穴',102),(1982,25,'主穴',102),(1983,97,'主穴',102),(1984,127,'主穴',102),(1985,145,'主穴',102),(1986,116,'配穴',102),(1987,117,'配穴',102),(1988,118,'配穴',102),(1989,131,'配穴',102),(1990,33,'主穴',106),(1991,46,'主穴',106),(1992,126,'主穴',106),(1993,145,'主穴',106),(1994,1,'配穴',106),(1995,2,'配穴',106),(1996,3,'配穴',106),(1997,4,'配穴',106),(1998,9,'配穴',106),(1999,30,'配穴',106),(2000,20,'主穴',109),(2001,24,'主穴',109),(2002,69,'主穴',109),(2003,84,'主穴',109),(2004,97,'主穴',109),(2005,143,'主穴',109),(2006,145,'主穴',109),(2007,10,'配穴',109),(2008,25,'配穴',109),(2009,12,'主穴',112),(2010,20,'主穴',112),(2011,24,'主穴',112),(2012,97,'主穴',112),(2013,116,'主穴',112),(2014,127,'主穴',112),(2015,145,'主穴',112),(2016,12,'主穴',113),(2017,24,'主穴',113),(2018,69,'主穴',113),(2019,107,'主穴',113),(2020,116,'主穴',113),(2021,117,'主穴',113),(2022,126,'主穴',113),(2023,131,'主穴',113),(2024,145,'主穴',113),(2025,20,'主穴',115),(2026,57,'主穴',115),(2027,59,'主穴',115),(2028,84,'主穴',115),(2029,116,'主穴',115),(2030,118,'主穴',115),(2031,12,'主穴',119),(2032,20,'主穴',119),(2033,24,'主穴',119),(2034,69,'主穴',119),(2035,97,'主穴',119),(2036,116,'主穴',119),(2037,127,'主穴',119),(2038,130,'主穴',119),(2039,131,'主穴',119),(2040,145,'主穴',119),(2041,10,'配穴',119),(2042,25,'配穴',119),(2043,20,'主穴',120),(2044,47,'主穴',120),(2045,69,'主穴',120),(2046,91,'主穴',120),(2047,97,'主穴',120),(2048,104,'主穴',120),(2049,116,'主穴',120),(2050,130,'主穴',120),(2051,131,'主穴',120),(2052,134,'主穴',120),(2053,145,'主穴',120),(2054,20,'主穴',121),(2055,47,'主穴',121),(2056,91,'主穴',121),(2057,97,'主穴',121),(2058,116,'主穴',121),(2059,118,'主穴',121),(2060,130,'主穴',121),(2061,131,'主穴',121),(2062,134,'主穴',121),(2063,145,'主穴',121),(2064,10,'配穴',121),(2065,24,'配穴',121),(2066,25,'配穴',121),(2067,63,'配穴',121),(2068,99,'配穴',121),(2069,15,'主穴',122),(2070,27,'主穴',122),(2071,47,'主穴',122),(2072,116,'主穴',122),(2073,117,'主穴',122),(2074,126,'主穴',122),(2075,130,'主穴',122),(2076,131,'主穴',122),(2077,133,'主穴',122),(2078,134,'主穴',122),(2079,94,'配穴',122),(2080,114,'配穴',122),(2081,136,'配穴',122),(2082,13,'主穴',123),(2083,47,'主穴',123),(2084,108,'主穴',123),(2085,116,'主穴',123),(2086,130,'主穴',123),(2087,131,'主穴',123),(2088,134,'主穴',123),(2089,145,'主穴',123),(2090,27,'配穴',123),(2091,94,'配穴',123),(2092,136,'配穴',123),(2101,9,'主穴',124),(2102,13,'主穴',124),(2103,47,'主穴',124),(2104,91,'主穴',124),(2105,116,'主穴',124),(2106,130,'主穴',124),(2107,131,'主穴',124),(2108,134,'主穴',124),(2109,145,'主穴',124),(2110,13,'主穴',126),(2111,40,'主穴',126),(2112,47,'主穴',126),(2113,91,'主穴',126),(2114,116,'主穴',126),(2115,130,'主穴',126),(2116,131,'主穴',126),(2117,134,'主穴',126),(2118,145,'主穴',126),(2119,20,'主穴',127),(2120,69,'主穴',127),(2121,91,'主穴',127),(2122,97,'主穴',127),(2123,104,'主穴',127),(2124,130,'主穴',127),(2125,131,'主穴',127),(2126,134,'主穴',127),(2127,145,'主穴',127),(2128,20,'主穴',130),(2129,24,'主穴',130),(2130,27,'主穴',130),(2131,29,'主穴',130),(2132,31,'主穴',130),(2133,69,'主穴',130),(2134,108,'主穴',130),(2135,116,'主穴',130),(2136,117,'主穴',130),(2137,118,'主穴',130),(2138,130,'主穴',130),(2139,131,'主穴',130),(2140,134,'主穴',130),(2141,47,'主穴',132),(2142,69,'主穴',132),(2143,91,'主穴',132),(2144,116,'主穴',132),(2145,130,'主穴',132),(2146,131,'主穴',132),(2147,134,'主穴',132),(2148,145,'主穴',132),(2149,20,'配穴',132),(2150,97,'配穴',132),(2151,18,'主穴',133),(2152,69,'主穴',133),(2153,116,'主穴',133),(2154,117,'主穴',133),(2155,118,'主穴',133),(2156,126,'主穴',133),(2157,130,'主穴',133),(2158,131,'主穴',133),(2159,145,'主穴',133),(2160,20,'配穴',133),(2161,29,'配穴',133),(2162,31,'配穴',133),(2163,15,'主穴',137),(2164,27,'主穴',137),(2165,103,'主穴',137),(2166,115,'主穴',137),(2167,118,'主穴',137),(2168,126,'主穴',137),(2169,134,'主穴',137),(2170,43,'配穴',137),(2171,49,'配穴',137),(2172,84,'配穴',137),(2173,91,'配穴',137),(2174,107,'配穴',137),(2175,123,'配穴',137),(2176,142,'配穴',137),(2177,143,'配穴',137),(2178,15,'主穴',138),(2179,27,'主穴',138),(2180,43,'主穴',138),(2181,107,'主穴',138),(2182,123,'主穴',138),(2183,126,'主穴',138),(2184,134,'主穴',138),(2185,142,'主穴',138),(2186,15,'主穴',139),(2187,20,'主穴',139),(2188,24,'主穴',139),(2189,27,'主穴',139),(2190,45,'主穴',139),(2191,97,'主穴',139),(2192,116,'主穴',139),(2193,117,'主穴',139),(2194,127,'主穴',139),(2195,134,'主穴',139),(2196,145,'主穴',139),(2197,10,'配穴',139),(2198,12,'配穴',139),(2199,48,'配穴',139),(2200,94,'配穴',139),(2201,107,'配穴',139),(2202,109,'配穴',139),(2203,131,'配穴',139),(2204,133,'配穴',139),(2219,15,'主穴',140),(2220,16,'主穴',140),(2221,27,'主穴',140),(2222,55,'主穴',140),(2223,69,'主穴',140),(2224,116,'主穴',140),(2225,117,'主穴',140),(2226,126,'主穴',140),(2227,133,'主穴',140),(2228,134,'主穴',140),(2229,94,'配穴',140),(2230,107,'配穴',140),(2231,131,'配穴',140),(2232,136,'配穴',140),(2233,113,'主穴',147),(2234,123,'主穴',147),(2235,134,'主穴',147),(2236,142,'主穴',147),(2237,145,'主穴',147),(2238,47,'配穴',147),(2239,91,'配穴',147),(2240,116,'配穴',147),(2241,131,'配穴',147),(2242,47,'主穴',148),(2243,113,'主穴',148),(2244,114,'主穴',148),(2245,116,'主穴',148),(2246,134,'主穴',148),(2247,142,'主穴',148),(2248,145,'主穴',148),(2249,27,'主穴',149),(2250,103,'主穴',149),(2251,123,'主穴',149),(2252,142,'主穴',149),(2253,16,'配穴',149),(2254,30,'配穴',149),(2255,20,'主穴',150),(2256,27,'主穴',150),(2257,114,'主穴',150),(2258,142,'主穴',150),(2259,24,'配穴',150),(2260,97,'配穴',150),(2261,145,'配穴',150),(2262,16,'主穴',153),(2263,27,'主穴',153),(2264,94,'主穴',153),(2265,116,'主穴',153),(2266,117,'主穴',153),(2267,133,'主穴',153),(2268,134,'主穴',153),(2269,139,'主穴',153),(2270,141,'主穴',153),(2271,23,'主穴',154),(2272,47,'主穴',154),(2273,94,'主穴',154),(2274,96,'主穴',154),(2275,114,'主穴',154),(2276,116,'主穴',154),(2277,117,'主穴',154),(2278,134,'主穴',154),(2279,141,'主穴',154),(2280,145,'主穴',154),(2281,96,'主穴',155),(2282,113,'主穴',155),(2283,114,'主穴',155),(2284,116,'主穴',155),(2285,117,'主穴',155),(2286,126,'主穴',155),(2287,131,'主穴',155),(2288,134,'主穴',155),(2289,142,'主穴',155),(2290,145,'主穴',155),(2291,17,'主穴',158),(2292,69,'主穴',158),(2293,128,'主穴',158),(2294,129,'主穴',158),(2295,130,'主穴',158),(2296,131,'主穴',158),(2297,145,'主穴',158),(2298,17,'主穴',159),(2299,47,'主穴',159),(2300,59,'主穴',159),(2301,69,'主穴',159),(2302,91,'主穴',159),(2303,128,'主穴',159),(2304,129,'主穴',159),(2305,130,'主穴',159),(2306,134,'主穴',159),(2307,145,'主穴',159),(2308,27,'主穴',164),(2309,94,'主穴',164),(2310,116,'主穴',164),(2311,117,'主穴',164),(2312,131,'主穴',164),(2313,133,'主穴',164),(2314,134,'主穴',164),(2315,136,'主穴',164),(2316,27,'主穴',165),(2317,69,'主穴',165),(2318,94,'主穴',165),(2319,95,'主穴',165),(2320,96,'主穴',165),(2321,113,'主穴',165),(2322,116,'主穴',165),(2323,117,'主穴',165),(2324,134,'主穴',165),(2325,136,'主穴',165),(2326,145,'主穴',165),(2327,16,'主穴',166),(2328,18,'主穴',166),(2329,24,'主穴',166),(2330,27,'主穴',166),(2331,69,'主穴',166),(2332,94,'主穴',166),(2333,116,'主穴',166),(2334,117,'主穴',166),(2335,131,'主穴',166),(2336,133,'主穴',166),(2337,134,'主穴',166),(2338,136,'主穴',166),(2339,27,'主穴',167),(2340,47,'主穴',167),(2341,94,'主穴',167),(2342,104,'主穴',167),(2343,116,'主穴',167),(2344,117,'主穴',167),(2345,131,'主穴',167),(2346,134,'主穴',167),(2347,136,'主穴',167),(2348,15,'主穴',169),(2349,27,'主穴',169),(2350,94,'主穴',169),(2351,95,'主穴',169),(2352,116,'主穴',169),(2353,117,'主穴',169),(2354,126,'主穴',169),(2355,134,'主穴',169),(2356,136,'主穴',169),(2357,145,'主穴',169),(2358,100,'主穴',170),(2359,113,'主穴',170),(2360,116,'主穴',170),(2361,126,'主穴',170),(2362,134,'主穴',170),(2363,145,'主穴',170),(2364,101,'主穴',172),(2365,113,'主穴',172),(2366,116,'主穴',172),(2367,117,'主穴',172),(2368,126,'主穴',172),(2369,134,'主穴',172),(2370,145,'主穴',172),(2371,47,'主穴',173),(2372,94,'主穴',173),(2373,95,'主穴',173),(2374,96,'主穴',173),(2375,113,'主穴',173),(2376,116,'主穴',173),(2377,117,'主穴',173),(2378,126,'主穴',173),(2379,131,'主穴',173),(2380,134,'主穴',173),(2381,145,'主穴',173),(2382,96,'主穴',174),(2383,113,'主穴',174),(2384,116,'主穴',174),(2385,117,'主穴',174),(2386,126,'主穴',174),(2387,134,'主穴',174),(2388,145,'主穴',174),(2389,12,'主穴',175),(2390,27,'主穴',175),(2391,69,'主穴',175),(2392,94,'主穴',175),(2393,116,'主穴',175),(2394,117,'主穴',175),(2395,127,'主穴',175),(2396,133,'主穴',175),(2397,134,'主穴',175),(2398,136,'主穴',175),(2399,27,'主穴',176),(2400,94,'主穴',176),(2401,113,'主穴',176),(2402,116,'主穴',176),(2403,117,'主穴',176),(2404,131,'主穴',176),(2405,134,'主穴',176),(2406,27,'主穴',179),(2407,34,'主穴',179),(2408,59,'主穴',179),(2409,116,'主穴',179),(2410,126,'主穴',179),(2411,134,'主穴',179),(2412,136,'主穴',179),(2413,20,'主穴',180),(2414,34,'主穴',180),(2415,47,'主穴',180),(2416,59,'主穴',180),(2417,91,'主穴',180),(2418,116,'主穴',180),(2419,134,'主穴',180),(2420,145,'主穴',180),(2421,15,'主穴',181),(2422,27,'主穴',181),(2423,94,'主穴',181),(2424,113,'主穴',181),(2425,116,'主穴',181),(2426,117,'主穴',181),(2427,133,'主穴',181),(2428,134,'主穴',181),(2429,136,'主穴',181),(2430,145,'主穴',181),(2431,47,'配穴',181),(2432,95,'配穴',181),(2433,100,'配穴',181),(2434,131,'配穴',181),(2435,5,'主穴',184),(2436,19,'主穴',184),(2437,20,'主穴',184),(2438,24,'主穴',184),(2439,69,'主穴',184),(2440,91,'主穴',184),(2441,110,'主穴',184),(2442,111,'主穴',184),(2443,12,'主穴',187),(2444,24,'主穴',187),(2445,69,'主穴',187),(2446,97,'主穴',187),(2447,117,'主穴',187),(2448,127,'主穴',187),(2449,145,'主穴',187),(2450,10,'配穴',187),(2451,19,'配穴',187),(2452,20,'配穴',187),(2453,25,'配穴',187),(2454,30,'配穴',187),(2455,107,'配穴',187),(2456,108,'配穴',187),(2457,111,'配穴',187),(2458,131,'配穴',187),(2459,47,'主穴',192),(2460,110,'主穴',192),(2461,117,'主穴',192),(2462,126,'主穴',192),(2463,127,'主穴',192),(2464,131,'主穴',192),(2465,132,'主穴',192),(2466,134,'主穴',192),(2467,18,'主穴',194),(2468,44,'主穴',194),(2469,69,'主穴',194),(2470,84,'主穴',194),(2471,116,'主穴',194),(2472,127,'主穴',194),(2473,130,'主穴',194),(2474,143,'主穴',194),(2475,15,'主穴',193),(2476,24,'主穴',193),(2477,26,'主穴',193),(2478,27,'主穴',193),(2479,30,'主穴',193),(2480,117,'主穴',193),(2481,127,'主穴',193),(2482,20,'主穴',196),(2483,24,'主穴',196),(2484,91,'主穴',196),(2485,97,'主穴',196),(2486,104,'主穴',196),(2487,116,'主穴',196),(2488,130,'主穴',196),(2489,131,'主穴',196),(2490,145,'主穴',196),(2491,47,'主穴',197),(2492,91,'主穴',197),(2493,131,'主穴',197),(2494,134,'主穴',197),(2495,145,'主穴',197),(2496,1,'配穴',197),(2497,17,'配穴',197),(2498,35,'配穴',197),(2499,36,'配穴',197),(2500,37,'配穴',197),(2501,47,'配穴',197),(2502,59,'配穴',197),(2503,69,'配穴',197),(2504,108,'配穴',197),(2505,109,'配穴',197),(2506,110,'配穴',197),(2507,116,'配穴',197),(2508,128,'配穴',197),(2509,130,'配穴',197),(2510,21,'主穴',200),(2511,108,'主穴',200),(2512,110,'主穴',200),(2513,116,'主穴',200),(2514,118,'主穴',200),(2515,122,'主穴',200),(2516,126,'主穴',200),(2517,130,'主穴',200),(2518,131,'主穴',200),(2519,15,'主穴',202),(2520,27,'主穴',202),(2521,116,'主穴',202),(2522,117,'主穴',202),(2523,133,'主穴',202),(2524,134,'主穴',202),(2527,53,'主穴',12),(2528,70,'主穴',12),(2529,75,'主穴',12),(2530,123,'主穴',12),(2531,145,'主穴',12),(2532,73,'配穴',12),(2533,74,'配穴',12),(2534,77,'配穴',12),(2535,79,'配穴',12),(2536,80,'配穴',12),(2537,143,'配穴',12),(2538,21,'主穴',49),(2539,106,'主穴',49),(2540,110,'主穴',49),(2541,111,'主穴',49),(2542,69,'配穴',49),(2543,107,'配穴',49),(2544,118,'配穴',49),(2545,122,'配穴',49),(2546,126,'配穴',49),(2547,131,'配穴',49),(2548,134,'配穴',49),(2549,32,'主穴',80),(2550,36,'主穴',80),(2551,37,'主穴',80),(2552,47,'主穴',80),(2553,107,'主穴',80),(2554,126,'主穴',80),(2555,129,'主穴',80),(2556,134,'主穴',80),(2557,145,'主穴',80),(2558,32,'主穴',81),(2559,36,'主穴',81),(2560,37,'主穴',81),(2561,47,'主穴',81),(2562,126,'主穴',81),(2563,129,'主穴',81),(2564,130,'主穴',81),(2565,131,'主穴',81),(2566,134,'主穴',81),(2567,145,'主穴',81),(2568,47,'主穴',205),(2569,91,'主穴',205),(2570,116,'主穴',205),(2571,126,'主穴',205),(2572,131,'主穴',205),(2573,134,'主穴',205),(2574,145,'主穴',205),(2580,47,'主穴',204),(2581,130,'主穴',204),(2582,131,'主穴',204),(2583,134,'主穴',204),(2584,145,'主穴',204),(2585,20,'配穴',204),(2586,97,'配穴',204),(2587,10,'主穴',101),(2588,20,'主穴',101),(2589,24,'主穴',101),(2590,25,'主穴',101),(2591,97,'主穴',101),(2592,127,'主穴',101),(2593,145,'主穴',101),(2594,110,'配穴',101),(2595,116,'配穴',101),(2596,117,'配穴',101),(2597,118,'配穴',101),(2598,131,'配穴',101),(2599,20,'主穴',206),(2600,91,'主穴',206),(2601,97,'主穴',206),(2602,104,'主穴',206),(2603,108,'主穴',206),(2604,116,'主穴',206),(2605,130,'主穴',206),(2606,131,'主穴',206),(2607,134,'主穴',206),(2608,145,'主穴',206),(2611,15,'主穴',207),(2612,21,'主穴',207),(2613,27,'主穴',207),(2614,69,'主穴',207),(2615,106,'主穴',207),(2616,115,'主穴',207),(2617,118,'主穴',207),(2618,134,'主穴',207),(2619,18,'主穴',208),(2620,47,'主穴',208),(2621,69,'主穴',208),(2622,88,'主穴',208),(2623,91,'主穴',208),(2624,117,'主穴',208),(2625,126,'主穴',208),(2626,131,'主穴',208),(2627,134,'主穴',208),(2628,145,'主穴',208),(2629,47,'主穴',209),(2630,91,'主穴',209),(2631,117,'主穴',209),(2632,123,'主穴',209),(2633,126,'主穴',209),(2634,131,'主穴',209),(2635,134,'主穴',209),(2636,142,'主穴',209),(2637,145,'主穴',209),(2638,10,'主穴',152),(2639,20,'主穴',152),(2640,24,'主穴',152),(2641,25,'主穴',152),(2642,97,'主穴',152),(2643,116,'主穴',152),(2644,117,'主穴',152),(2645,127,'主穴',152),(2646,145,'主穴',152),(2647,15,'主穴',210),(2648,16,'主穴',210),(2649,27,'主穴',210),(2650,30,'主穴',210),(2651,49,'主穴',210),(2652,108,'主穴',210),(2653,117,'主穴',210),(2654,126,'主穴',210),(2655,130,'主穴',210),(2656,134,'主穴',210),(2657,94,'配穴',210),(2658,130,'配穴',210),(2659,136,'配穴',210),(2660,3,'主穴',211),(2661,28,'主穴',211),(2662,47,'主穴',211),(2663,91,'主穴',211),(2664,134,'主穴',211),(2665,145,'主穴',211),(2666,18,'主穴',212),(2667,27,'主穴',212),(2668,47,'主穴',212),(2669,59,'主穴',212),(2670,69,'主穴',212),(2671,127,'主穴',212),(2672,134,'主穴',212),(2673,117,'主穴',213),(2674,121,'主穴',213),(2675,126,'主穴',213),(2676,130,'主穴',213),(2677,131,'主穴',213),(2678,134,'主穴',213),(2679,5,'主穴',190),(2680,31,'主穴',190),(2681,39,'主穴',190),(2682,69,'主穴',190),(2683,85,'主穴',190),(2684,117,'主穴',190),(2685,118,'主穴',190),(2686,126,'主穴',190),(2687,137,'主穴',190),(2688,9,'主穴',214),(2689,20,'主穴',214),(2690,69,'主穴',214),(2691,116,'主穴',214),(2692,117,'主穴',214),(2693,138,'主穴',214),(2694,145,'主穴',214),(2695,35,'主穴',215),(2696,47,'主穴',215),(2697,50,'主穴',215),(2698,51,'主穴',215),(2699,130,'主穴',215),(2700,145,'主穴',215),(2701,13,'主穴',216),(2702,15,'主穴',216),(2703,27,'主穴',216),(2704,116,'主穴',216),(2705,117,'主穴',216),(2706,126,'主穴',216),(2707,130,'主穴',216),(2708,134,'主穴',216),(2709,15,'主穴',217),(2710,33,'主穴',217),(2711,42,'主穴',217),(2712,47,'主穴',217),(2713,69,'主穴',217),(2714,130,'主穴',217),(2715,134,'主穴',217),(2716,145,'主穴',217),(2717,21,'主穴',218),(2718,103,'主穴',218),(2719,116,'主穴',218),(2720,117,'主穴',218),(2721,126,'主穴',218),(2722,131,'主穴',218),(2723,134,'主穴',218),(2724,17,'主穴',219),(2725,20,'主穴',219),(2726,47,'主穴',219),(2727,97,'主穴',219),(2728,128,'主穴',219),(2729,129,'主穴',219),(2730,130,'主穴',219),(2731,134,'主穴',219),(2732,145,'主穴',219),(2733,27,'主穴',220),(2734,47,'主穴',220),(2735,104,'主穴',220),(2736,131,'主穴',220),(2737,35,'配穴',220),(2738,94,'配穴',220),(2739,106,'配穴',220),(2740,110,'配穴',220),(2741,116,'配穴',220),(2742,117,'配穴',220),(2743,130,'配穴',220),(2744,136,'配穴',220),(2745,146,'配穴',220),(2746,20,'主穴',221),(2747,24,'主穴',221),(2748,26,'主穴',221),(2749,33,'主穴',221),(2750,97,'主穴',221),(2751,116,'主穴',221),(2752,143,'主穴',221),(2753,145,'主穴',221),(2754,20,'主穴',222),(2755,24,'主穴',222),(2756,91,'主穴',222),(2757,97,'主穴',222),(2758,104,'主穴',222),(2759,116,'主穴',222),(2760,130,'主穴',222),(2761,131,'主穴',222),(2762,145,'主穴',222),(2763,16,'主穴',223),(2764,27,'主穴',223),(2765,103,'主穴',223),(2766,116,'主穴',223),(2767,123,'主穴',223),(2768,142,'主穴',223),(2769,20,'配穴',223),(2770,61,'配穴',223),(2771,67,'配穴',223),(2772,12,'主穴',224),(2773,15,'主穴',224),(2774,20,'主穴',224),(2775,24,'主穴',224),(2776,69,'主穴',224),(2777,97,'主穴',224),(2778,103,'主穴',224),(2779,117,'主穴',224),(2780,127,'主穴',224),(2781,145,'主穴',224),(2782,27,'主穴',225),(2783,94,'主穴',225),(2784,113,'主穴',225),(2785,116,'主穴',225),(2786,117,'主穴',225),(2787,133,'主穴',225),(2788,134,'主穴',225),(2789,136,'主穴',225);
/*!40000 ALTER TABLE `diseaseandacupoint` ENABLE KEYS */;
UNLOCK TABLES;

--
-- Table structure for table `diseasecategory`
--

DROP TABLE IF EXISTS `diseasecategory`;
/*!40101 SET @saved_cs_client     = @@character_set_client */;
/*!40101 SET character_set_client = utf8 */;
CREATE TABLE `diseasecategory` (
  `diseaseCategoryId` int(11) NOT NULL AUTO_INCREMENT COMMENT '疾病分类名称',
  `diseaseCategoryName` varchar(100) DEFAULT NULL,
  `diseaseDescription` varchar(500) DEFAULT NULL,
  `diseasesystemid` int(11) DEFAULT NULL,
  `attention` text,
  PRIMARY KEY (`diseaseCategoryId`)
) ENGINE=InnoDB AUTO_INCREMENT=226 DEFAULT CHARSET=utf8 COMMENT='疾病分类 如：预防感冒，急性结膜炎等';
/*!40101 SET character_set_client = @saved_cs_client */;

--
-- Dumping data for table `diseasecategory`
--

LOCK TABLES `diseasecategory` WRITE;
/*!40000 ALTER TABLE `diseasecategory` DISABLE KEYS */;
INSERT INTO `diseasecategory` VALUES (1,'急性关节扭伤、挫伤','急性关节扭伤是指四肢关节或躯体关节活动突然超出其正常范围，虽未脱臼但关节内或关节以外的软组织受到一定的损伤，如肌肉、肌腱、韧带等扭伤，而无骨折、脱臼、皮肉破损的症候。常见的如急性腰部扭伤、腕关节扭伤、踝关节扭伤等。临床上主要表现为受伤部肿胀疼痛，关节活动障碍等，多由关节部位突然闪挫或持、搬重物姿势不当，或用力过猛及外来暴力作用所致。',1,'<br/>主穴：<br/>相应部位、耳尖<br/>配穴：<br/>腰扭伤、尾骨挫伤：取相应部位的耳背部阳性反应点<br/>踝关节、膝关节、腕关节损伤：枕小神经点<br/>胸部损伤：耳大神经点<br/>痛甚：神门、枕、耳大神经点、枕小神经点<br/>【说明】<br/>本症所指的扭挫伤一般是指肌腱、韧带、肌肉等软组织的损伤。故在耳穴治疗前要明确诊断、排出骨折。'),(2,'落枕','人们在工作或日常生活中，由于某种原因突然头颈扭闪，肌肉无准备地强烈收缩或被牵拉，导致颈肌纤维或韧带等组织发生撕裂；也有在乘坐高速行驶的汽车中突然急刹车而致颈椎快速前后摆动造成损伤；还有少数睡姿不当所致',1,'<br/>取穴：<br/>相应部位、耳背颈椎3、4、耳背颈椎6、7、耳背耳大神经点、锁骨<br/>【说明】<br/>1、耳背颈椎3、4：与颈椎下1/3相应的耳背部；耳背颈椎6、7：与颈椎上1/3相应的耳背部；耳背耳大神经点：与耳大神经点相对应的耳背处。<br/>2、可选用耳廓前后的颈项部阳性反应点，强刺激治疗，以缓解症状。'),(3,'肩周炎','肩周炎又称肩关节周围炎，俗称凝肩、五十肩。以肩部逐渐产生疼痛，夜间为甚，逐渐加重，肩关节活动功能受限而且日益加重，达到某种程度后逐渐缓解，直至最后完全复原为主要表现的肩关节囊及其周围韧带、肌腱和滑囊的慢性特异性炎症。肩周炎是以肩关节疼痛和活动不便为主要症状的常见病症。本病的好发年龄在50岁左右，女性发病率略高于男性，多见于体力劳动者。如得不到有效的治疗，有可能严重影响肩关节的功能活动。肩关节可有广泛压痛，并向颈部及肘部放射，还可出现不同程度的三角肌的萎缩。',1,'<br/>取穴：<br/>锁骨、肩关节、肩、耳大神经点、耳尖<br/>【说明】<br/>1、肩前痛取耳前肩三点（锁骨、肩关节、肩），肩后痛取耳背肩三点（与耳前肩三点相对应的耳背部），必要时耳前与耳后对贴。<br/>2、耳穴治疗期间，患者应适当活动患肢，但不宜过度，以免造成肌肉韧带拉伤。<br/>3、急性肩周炎治疗效果较快，慢性酸痛和关节周围组织增生粘连等需适当延长疗程。'),(4,'风湿性关节炎','风湿性关节炎是一种常见的急性或慢性结缔组织炎症。临床以关节和肌肉游走性酸楚、重著、疼痛为特征，属变态反应性疾病，是风湿热的主要表现之一，多以急性发热及关节疼痛起病。风湿性关节炎是风湿热在关节的表现，其典型症状为游走性、多发性大关节炎，常见由一个关节转移至另一个关节，病变局部呈现红、肿、灼热、剧痛，部分病人也有几个关节同时发病。中医认为本病由卫气不固、腠理失密或劳累之后，汗出当风，涉水冒寒，久卧湿地等，风、寒、湿邪乘虚而入，经络闭阻所致。',1,'<br/>主穴：<br/>相应部位、内分泌、肾上腺、过敏区、耳尖<br/>配穴：<br/>肾、肝、脾、三焦<br/>【说明】<br/>本病患者常合并心功能不全，体质多虚弱，在治疗时应循序渐进，不可操之过急。'),(5,'类风湿关节炎','类风湿关节炎是一种病因未明的慢性、以炎性滑膜炎为主的系统性疾病。其特征是手、足小关节的多关节、对称性、侵袭性关节炎症，经常伴有关节外器官受累及血清类风湿因子阳性，可以导致关节畸形及功能丧失。女性好发，发病率为男性的2～3倍。可发生于任何年龄，高发年龄为40～60岁。本病发病缓慢，为双侧对称性关节受累，其临床症状和体征特点如下：①疼痛， 本病早期即有关节局部痛感，尤其是在活动期，并伴有触痛及压痛，此为最早出现、也是患者最敏感的体征；②僵硬，受累关节僵硬，尤其在晨起开始活动时最为明显，但活动一段时间后，将会逐渐有所改善；③肿胀，受累关节周围软组织呈弥漫性肿胀，且表面温度略高于正常关节；④畸形，后期病例一般均出现掌指关节屈曲及尺偏畸形；如发生在足趾，则呈现爪状趾畸形外观；⑤皮下结节，30%～40%的患者可出现皮下结节，此有助于对本病的诊断。可对皮下结节做病理检查而协助诊断；⑥体温升高  急性期的某些患者可出现发热，多为38℃以下的低热。',1,'<br/>主穴：<br/>相应部位、耳尖、肾上腺、内分泌、枕小神经点、心血管系统皮质下<br/>配穴：<br/>肝、肾、脾、三焦<br/>【说明】<br/>1、由于是慢性关节病变，需按疗程坚持治疗，以控制病情发展，改善小关节的活动功能。<br/>2、耳穴治疗本病，急性期效果优于晚期。'),(6,'骨关节炎','骨关节炎为一种退行性病变，系由于增龄、肥胖、劳损、创伤、关节先天性异常、关节畸形等诸多因素引起的关节软骨退化损伤、关节边缘和软骨下骨反应性增生，又称骨关节病、退行性关节炎、老年性关节炎、肥大性关节炎等。临床表现为缓慢发展的关节疼痛、压痛、僵硬、关节肿胀、活动受限和关节畸形等。',1,'<br/>主穴：<br/>相应部位、耳尖、肾上腺、内分泌、枕小神经点、心血管系统皮质下<br/>配穴：<br/>肝、肾、脾、三焦<br/>【说明】<br/>1、由于是慢性关节病变，需按疗程坚持治疗，以控制病情发展，改善小关节的活动功能。<br/>2、耳穴治疗本病，急性期效果优于晚期。'),(9,'肾虚腰痛','肾虚腰痛是由于肾虚，又因受风、寒、湿的侵袭引起腰部酸胀，遍及腰背部，无明显压痛点，晨起或久坐后站立时加重，活动片刻可以减轻。X线检查腰椎排列正常，无退行性病变。',1,'<br/>取穴：<br/>腰椎区、肝、肾、脾、内分泌、心血管系统皮质下、耳大神经点'),(10,'腰痛（棘间韧带、椎旁韧带劳损）','腰痛常发生腰部中间部位。X线检查腰椎正常。',1,'<br/>取穴：<br/>腰椎区及相对应的耳背部阳性反应点。'),(11,'骶髂关节炎','骶髂关节炎或骶髂关节劳损引起的腰痛，为局限的固定部位疼痛，不伴放射性疼痛，多为一侧骶髂关节部位疼痛，也可多见两侧骶髂关节痛。',1,'<br/>取穴：<br/>骶髂关节（耳前与耳后对贴）'),(12,'坐骨神经痛','本症是常见的腰腿痛的一种，沿坐骨神经走行到腰、臀、腿后侧、小腿后外侧直至足背、小趾出现放射性疼痛，如刀割样，烧灼疼痛，毎于行走、弯腰、咳嗽等加重，重者不能翻身，小腿与足背可有麻木或感觉减退，股四头肌或小腿肌可有萎缩。中医认为属“痹症”范畴，系风邪客于经络，经气阻塞而发病，或因气质血凝和外伤导致血瘀，或因肾虚，也有因久病体虚所致',1,'<br/>主穴：<br/>耳尖、坐骨神经三角（耳背尾椎、耳背腘窝、耳背坐骨神经）、膀胱<br/>配穴：<br/>髋关节痛：髋关节、臀<br/>下肢后侧肌肉痛：耳背下肢后沟<br/>下肢前侧肌肉痛：股四头肌<br/>腘窝痛：腘窝<br/>小腿后侧、腓肠肌痛：腓肠肌点<br/>足、趾麻木：相应部位、枕小神经点、跟、足心、趾<br/>【说明】<br/>1、耳背尾椎：与尾椎相对应的耳背部；耳背腘窝：与腘窝相对应的耳背处；耳背坐骨神经：与坐骨神经相对应的耳背处；耳背下肢后沟：耳背的对耳轮上脚凹陷处。<br/>2、坐骨神经痛阳性反应常在耳廓背部、对耳轮下脚沟及耳轮后沟明显，坐骨神经三角区是治疗坐骨神经痛的主要穴位。<br/>3、患者应适当运动。'),(13,'臀部肌纤维炎','本病的特点是臀部疼痛点可反射地引起坐骨神经痛，而治疗后臀部疼痛和腿痛均减轻或消失，表示臀肌膜炎为原发病。若治疗后臀部疼痛减轻或消失而腿痛无明显改变时，则表示腿部疼痛是神经根病变引起的放射痛，常为腰椎间盘突出症。临床上应与腰椎间盘突出症鉴别。',1,'<br/>取穴：<br/>坐骨神经三角（耳背尾椎、耳背腘窝、耳背坐骨神经）、臀、髋关节及相对应的耳背部<br/>【说明】<br/>耳背尾椎：与尾椎相对应的耳背部<br/>耳背腘窝：与腘窝相对应的耳背处<br/>耳背坐骨神经：与坐骨神经相对应的耳背处。'),(14,'腓肠肌痉挛（小腿抽筋）','“小腿抽筋”是痛性痉挛中最常见的一种，其特点是腓肠肌突然发作的强直性痛性痉挛，牵掣、痛如扭转，持续数十秒至数分钟或更久，其痛楚难以名状。病因较多，寒冷刺激、过度疲劳、睡眠姿势不好、睡眠过多、全身脱水失盐、缺钙、动脉硬化等都可引发本病。中医认为，气血瘀滞或气血两虚，血不养筋，或是脾失运化，则湿浊流入肢体而使经络运行气血的功能失调，从而引发本病。',1,'<br/>取穴：<br/>腓肠肌点、腘窝、枕小神经点、肝、脾、心血管系统皮质下'),(15,'足跟痛、跟骨骨质增生','足跟痛指足跟一侧或两侧疼痛，不红不肿，行走不便。又称脚跟痛。是由于足跟的骨质、关节、滑囊、筋膜等处病变引起的疾病。常见的为跖筋膜炎，往往发生在久立或行走者，长期、慢性轻伤引起。此外，肾虚、跟骨脂肪垫损伤及退行性病变、跟骨骨质增生、平足或女性穿高跟鞋步行过多等都可以导致足跟痛。',1,'<br/>取穴：<br/>跟（耳前和耳后）、肾、肝、枕小神经点、耳尖'),(16,'足底痛','足底痛包括跖痛及足心部痛、足掌痛，常由足横弓劳损引起，病人行走或站立过长或鞋不舒适引起急性滑囊炎、趾腱膜炎，平跖足等均可致足底痛。临床可见跖骨头下疼痛，跖骨背、两侧压痛或足底心痛、足底紧张感、走路或牵引趾腱膜时可加重。',1,'<br/>取穴：<br/>足心、耳尖、枕小神经点'),(17,'颈椎病','又称颈椎综合征，是颈椎骨关节炎、增生性颈椎炎、颈神经根综合征、颈椎间盘脱出症的总称,是一种以退行性病理改变为基础的疾患。主要由于颈椎长期劳损、骨质增生，或椎间盘脱出、韧带增厚，致使颈椎脊髓、神经根或椎动脉受压，出现一系列功能障碍的临床综合征。表现为椎节失稳、松动；髓核突出或脱出；骨刺形成；韧带肥厚和继发的椎管狭窄等，刺激或压迫了邻近的神经根、脊髓、椎动脉及颈部交感神经等组织，引起一系列症状和体征。颈椎病的临床症状较为复杂。主要有颈背疼痛、上肢无力、手指发麻、下肢乏力、行走困难、头晕、恶心、呕吐，甚至视物模糊、心动过速及吞咽困难等。中医认为本病为肝肾虚亏、寒凝气滞、血脉不通、经脉失养所致，属“痹症”范畴。',1,'<br/>主穴：<br/>相应部位、耳背颈椎3、4，耳背颈椎6、7，耳背耳大神经点<br/>配穴：<br/>头晕、眩晕型：晕区、枕<br/>手指麻木型：指、心血管系统皮质下<br/>平衡失调型：脑干、脑、神经系统皮质下<br/>颈椎6、7骨质增生引起的肩臂痛：锁骨、肩关节、肩三个穴位点对应的耳背部<br/>颈椎3、4骨质增生引起的肩臂痛：枕、枕小神经点<br/>颈部肌肉紧张：耳大神经点、锁骨、肩、肩关节<br/>【说明】<br/>1、耳背颈椎3、4：与颈椎下1/3相应的耳背部；耳背颈椎6、7：与颈椎上1/3相应的耳背部；耳背耳大神经点：与耳大神经点相对应的耳背部。<br/>2、颈椎病是多发病、常见病，引起颈椎病的原因可有外伤或退行性病变或因工作姿势不正确。耳穴治疗颈椎病是有效的。'),(18,'多发性肌纤维炎','是一种纤维连接组织的炎症，症候是身体肌肉和关节部位的僵硬疼痛，疼痛和疲倦呈持续性或间歇性，女性多发。病因可能与情绪、精神压力、免疫功能或个体有关。',1,'<br/>取穴：<br/>相应部位、耳尖、耳大神经点、枕小神经点、肝、脾、内分泌、心血管系统皮质下'),(19,'肩背肌纤维炎','是一种肌肉的纤维连接组织发炎造成肩、背、关节肌肉的僵硬，肌纤维水肿、变性引起疼痛。疼痛常发生在一侧肩背或两侧肩胛骨内侧缘处、疼痛部位与颈椎病、肩周炎不同。中医属于“肩颈痛”范畴，发病机理与体虚、感受外邪，或动作失度，而使气血运行不畅，经络受阻有关。或中年以上肝、肾精血不足，导致筋骨失养，引起肩、颈、背的酸痛。',1,'<br/>主穴：<br/>肩背区、耳大神经点<br/>配穴：<br/>肝、脾'),(20,'网球肘（高尔夫球肘）','网球肘（肱骨外上髁炎）是指手肘外侧肌腱发炎疼痛。疼痛的产生是由于前臂伸肌重复用力引起的慢性撕拉伤造成的。患者会在用力抓握或提举物体时感到患部疼痛。网球肘是过劳性综合征的典型例子。网球、羽毛球运动员较常见，家庭主妇、砖瓦工、木工等长期反复用力做肘部活动者，也易患此病。中医称“肘痛”，认为是劳伤气血，筋脉不和所致。',1,'<br/>取穴：<br/>肘（耳前与耳后对贴）'),(21,'腕管综合症','腕管综合症又称鼠标手或迟发性正中神经麻痹，是正中神经在腕管内受压而引起的食指、中指疼痛、麻木和拇指肌肉无力感等症侯。当局部骨折脱位、韧带增厚或管内的肌腱肿胀、膨大引起腕管相对变窄，致使腕部正中神经慢性损伤产生腕管综合症，属于“累积性创伤失调”症，好发于30～50岁年龄段的办公室女性。中医学属“麻木”、“痹症”范畴，认为病因主要与寒湿瘾筋、风邪袭肌或不慎跌挫、血瘀经络，以致气血流通受阻有关。',1,'<br/>取穴：<br/>与腕相对应的耳背部阳性反应点、枕小神经点'),(22,'狭窄性腱鞘炎','狭窄性腱鞘炎是一种常见的腱鞘疾病。发生在拇短伸肌和拇长展肌腱鞘，称为桡骨茎突狭窄性腱鞘炎；发生在拇指或手指的指屈肌腱称为扳机指。病因不清，局部组织退行性变及手指过度屈伸活动的机械性刺激可能是其原因之一。女性多于男性，尤以中老年人多见。',1,'<br/>取穴：<br/>与（指、腕）相对应的耳背部阳性反应点、耳尖、枕小神经点'),(23,'腱鞘囊肿','腱鞘囊肿是发生于关节部腱鞘内的囊性肿物，是由于关节囊、韧带、腱鞘中的结缔组织退变所致的病症。囊内含有无色透明或橙色、淡黄色的浓稠黏液，囊壁为致密硬韧的纤维结缔组织，囊肿以单房性为多见。多发于腕背和足背部。患者多为青壮年，女性多见。起病缓慢，发病部位可见一圆形肿块，有轻微酸痛感，严重时会给患者造成一定的功能障碍。',1,'<br/>取穴：<br/>相应部位（如腕、足背）、耳尖'),(27,'腰肌劳损','腰肌劳损，又称功能性腰痛、慢性下腰损伤、腰臀肌筋膜炎等，实为腰部肌肉及其附着点筋膜或骨膜的慢性损伤性炎症，是腰痛的常见原因之一，主要症状是腰或腰骶部胀痛、酸痛，反复发作，疼痛可随气候变化或劳累程度而变化，如日间劳累加重，休息后可减轻时轻时重，为临床常见病，多发病，发病因素较多。其日积月累，可使肌纤维变性，甚而少量撕裂，形成瘢痕、纤维索条或粘连，遗留长期慢性腰背痛。',1,'<br/>取穴：<br/>腰肌区（耳前与耳后对贴）<br/>【说明】<br/>本病的治疗常采用耳穴疗法配合体针疗法以获佳效，且病情基本痊愈后要注意调养，防止复发。复发次数越多，治疗效果越差。'),(28,'膝关节痛','膝关节是人体主要负重关节之一，也是骨关节炎最好发的部位。膝关节骨关节炎以继发性最为常见，即膝关节在其他原因基础上发生骨关节退行性病变。最常见原发病因有外伤，例如半月板损伤、关节软骨损伤膝关节骨关节炎的最常见症状为膝关节的疼痛。初始时表现为钝性痛，以后逐步加重。尤其多见于负重时或上下楼梯时疼痛，而平地行走时并无疼痛，休息后疼痛症状即刻缓解。后期可出现上下楼梯和走平地时都疼痛，甚至休息时也可持续疼痛。',1,'<br/>主穴：<br/>膝关节、外膝、耳尖<br/>配穴：<br/>深部膝关节痛：耳背腘窝<br/>【说明】<br/>耳背腘窝：与腘窝相对应的耳背处。<br/>'),(29,'肋软骨炎','肋软骨炎是一种常见的疾病，分为非特异性肋软骨炎和感染性肋软骨炎，临床中最常见的是非特异性肋软骨炎，是肋软骨的非特异性、非化脓性炎症，为肋软骨与胸骨交界处不明原因发生的非化脓性肋软骨炎性病变，表现为局限性疼痛伴肿胀的自限性疾病。多发于25～35岁成年人，女性居多，老年人亦有发病。感染性肋软骨炎又称化脓性肋软骨炎，较少见。',1,'<br/>取穴：<br/>肋胁部、交感、胸、心血管系统皮质下'),(30,'尾椎挫伤','尾骨由4或5块尾椎构成，跌倒时臀部着地易造成尾骨的挫伤，预后一般良好。多为直接暴力所致，如从高处坠落、滑倒或坐空致臀部着地，造成骶尾部的软组织挫伤或尾骨骨膜损伤，主要为尾骨周围韧带损伤。',1,'<br/>取穴：<br/>尾椎（耳前与耳后对贴）'),(31,'急性结膜炎','急性结膜炎是一种常见的传染性眼病，俗称“红眼”或“火眼”。双眼明显充血，有黏液性脓体分泌物，自觉异物或灼烧感。当角膜受累时，有疼痛、畏光、流泪及视力障碍等。中医认为本病多由肺经蕴热，感受风邪或肝胆火旺，循经上扰及感四时风热毒疠之气所致。',2,'<br/>取穴：<br/>耳尖、肺、眼、目2、过敏区、肾上腺<br/>【说明】<br/>1、本病为传染性疾病，必须注意预防。<br/>2、严禁包眼，患者眼部疼痛、畏光，可戴有色眼镜遮光，不可用纱布等包裹。包眼会使分泌物滞留，加重病情。<br/>3、伴有发热等全身症状者，应同时服用抗生素。'),(32,'睑腺炎（麦粒肿、针眼）','麦粒肿是眼睑的急性化脓性炎症，中医称为“瘅”，多因过食辛、辣、煎、炸燥热之品，致足阳经热盛上至于眼睑而成，或因风热相搏而致。',2,'<br/>取穴：<br/>耳尖、脾、眼、目2<br/>【说明】<br/>1、脓肿尚未成熟，切忌挤压，以免感染。<br/>2、反复发作者，多属脾胃气虚，要注意调节饮食，增强机体抵抗力。'),(33,'球结核膜出血','本症是血溢络外，显于白睛表面，初起呈一片鲜红，界限分明，多因剧烈咳嗽、呕吐、酗酒过度、妇女逆经或轻度碰击所引起，以上原因均可导致血不循经，血络破损，以致血溢络外。',2,'<br/>取穴：<br/>肺、肾上腺、眼、脾、耳尖'),(34,'近视','近视是眼睛调节机能失常，远处之物在视网膜之前成像，常因眼球前后距离过长，或晶状体凸度过大所致。青少年形成近视因学习、工作环境昏暗，书写阅读体位不正，目标距睛不适中，持续近距离使用目力而成。',2,'<br/>取穴：<br/>耳尖、脾、肾、肝、目2、眼、枕、交感<br/>【说明】<br/>1、耳穴对假性近视未配近视镜者有较好疗效。<br/>2、近视者年龄越小，效果越明显，若为17岁以上者，治疗效果不好。<br/>3、近视已配镜者，学生用眼过渡者，治疗效果不好。'),(35,'青光眼','青光眼是一种常见疑难眼病，眼压升高是本病的主要特征。该病发病迅速、危害性大、随时可导致失明。持续的高眼压可以给眼球各部分组织和视功能带来损害导致视神经萎缩、视野缩小、视力减退。如不及时治疗，视野可以全部丧失而至失明。中医称本病为“绿风内障”，“瞳孔散大”范围，系肝胆之火上亢或真阴不足，虚火上炎、经气失调所致。',2,'<br/>取穴：<br/>眼、目1、肝、肾、枕、降压点、心血管系统皮质下、耳尖'),(36,'中心性视网膜炎','中心性视网膜炎或称中心性浆液性视网膜脉络膜病变。本病为发生在黄斑部的孤立的渗出性脉络膜视网膜病变，伴有视网膜下新生血管及出血。本病多见于20-40岁青壮年，无性别差异，多单眼发病，也可为双眼发病。由于新生血管的渗漏、出血、机化，最后形成瘢痕，使中心视力永久性损害。引起本病的原因较多，不少病例与结核、病毒感染有关。',2,'<br/>取穴：<br/>耳尖、交感、眼、肝、肾、目1、目2、枕'),(37,'视神经炎、视神经萎缩','视神经萎缩是指任何疾病引起视网膜神经节细胞和其轴突发生病变，致使视神经全部变细的一种形态学改变，一般发生于视网膜至外侧膝状体之间的神经节细胞轴突变性。视神经萎缩是视神经病损的最终结果，表现为视神经纤维的变性和消失，传导功能障碍，出现视野变化，视力减退并丧失。一般分为原发性和继发性两类。眼底检查可见视乳头颜色为淡黄或苍白色，境界模糊，生理凹陷消失，血管变细等。',2,'<br/>取穴：<br/>眼、目2、交感、枕、肾、肝、内分泌、心血管皮质下、耳尖'),(38,'眼睑痉挛','眼睑痉挛的部位多在上眼睑，跳动牵及眉际，俗称“眼眉跳”。若跳动过频，则需治疗。多是由于外邪入侵经络，以致筋急抽搐，或为气血衰弱，久病失调，而致肝脾经络失调。',2,'<br/>取穴：<br/>三焦、眼、脾、肝、神经系统皮质下'),(39,'弱视','眼球无明显器质性病变，而单眼或双眼矫正视力仍达不到0.8者称为弱视。目前，我国弱视标准为矫正视力≤0.8或两眼视力差≥2行。弱视是一种严重危害儿童视功能的眼病。此病多发于先天禀赋不足之儿童，中医学认为此病为肝肾不足，目失所养而致。外因与幼儿用眼不当有关。',2,'<br/>取穴：<br/>眼、目1、目2、肝、肾、枕、额<br/>【说明】<br/>1、弱视必须早期治疗，治疗越早，疗效越好。<br/>2、弱视不同于假性近视，治疗中视力提高慢，治疗时间长，但视力提高后不易反复，疗效稳定。患者应树立信心，坚持治疗。<br/>3、治疗期间要注意用眼卫生，少看电视、手机，积极配合做眼保健操。<br/>4、体制较差的患者应加强锻炼，并可配合服用一些滋补肝肾、养血明目的中药。'),(40,'老年性白内障','老年性白内障即年龄相关性白内障，是指中老年开始发生的晶状体混浊，随着年龄增加，患病率明显增高。本病的发生与环境、营养、代谢和遗传等多种因素有关。一般认为老年人精气渐衰，肝肾不足，气血不能上荣于目，以致经络失养，目生白翳。',2,'<br/>取穴：<br/>眼、肝、肾、目2、内分泌、交感、耳尖<br/>【说明】<br/>1、本病治疗时间长，见效慢。耳穴治疗对初发期、未成熟期疗效较好，对成熟期、过熟期疗效差。<br/>2、老年性白内障，如已处于成熟期、过熟期，可手术治疗。'),(41,'屈光不正、眉心痛','屈光不正是指眼在不使用调节时，平行光线通过眼的屈光作用后，不能在视网膜上形成清晰的物像，而在视网膜前或后方成像。它包括远视、近视及散光。造成屈光不正的原因很多，其中遗传因素是很重要的原因，当然不合理的用眼也是不可忽视的原因，儿童处于生长发育时期，又不注意用眼卫生，如看书，写字的姿势不正确，或光线不好，造成眼与书的距离太近，或看书时间过长，或走路，坐车看书等都可造成眼睛过度疲劳，促成屈光不正。',2,'<br/>取穴：<br/>肾、肝、枕、眼、额、目2、交感、耳尖'),(42,'角膜炎','各种因素导致的角膜炎症反应统称为角膜炎，是眼科常见疾病之一，也是我国主要致盲眼病之一。角膜位于眼球最前面，直接与外界接触，易受到微生物、外伤及理化刺激因素的损害而发生炎症。临床上表现为视物模糊、疼痛、畏光和流泪等刺激症状及明显的视力减退。眼科检查可见角膜光泽消失、透明度减低、溃疡形成等。严重者可继发角膜穿孔、眼内感染甚至失明。目前临床上多按致病原因将角膜炎分为感染性、免疫性、营养不良性、神经麻痹性和暴露性等。感染性角膜炎多发生于角膜中央区，而免疫性角膜病易发生于角膜周边部。',2,'<br/>取穴：<br/>肝、肺、枕、目2、眼、内分泌、耳尖、过敏区'),(43,'高血压病','高血压是指以体循环动脉血压（收缩压和/或舒张压）增高为主要特征（收缩压≥140毫米汞柱，舒张压≥90毫米汞柱），可伴有心、脑、肾等器官的功能或器质性损害的临床综合征。高血压是最常见的慢性病，也是心脑血管病最主要的危险因素。中医认为高血压属“头痛”、“眩晕”、“肝阳”等范畴，早期为肝阳偏亢，肝阳上亢；中期多为肝肾阴虚；晚期多为阴阳两虚。',3,'<br/>取穴：<br/>心、肝、肾、枕、额、神门、耳尖、降压点、心血管皮质下、交感<br/>【说明】<br/>1、耳穴治疗I、II期高血压有一定疗效，有些疗效稳定；对III期高血压疗效差，效果不稳定。<br/>2、高血压患者要遵医嘱坚持服用降压药，定期检查血压、检查心、肾功能及眼底。'),(44,'低血压病','收缩压在90毫米汞柱以下，舒张压在40~50毫米汞柱以下或更低时称为低血压，可分为急性低血压与慢性低血压两大类。急性低血压常由大量失水、严重失血，或其他原因，如心肌梗死、脑栓死、严重感染、心律失常、变态反应、急性胰腺炎等引起。慢性低血压有体质性低血压、体位性低血压、内分泌功能紊乱所致的低血压、慢性消耗性疾病及营养不良所致的低血压、心血管疾病所致的低血压等。中医辩证多属气血两亏。',3,'<br/>取穴：<br/>肾上腺、升压点、脑垂体、内分泌、肝、心<br/>【说明】<br/>耳穴疗法对低血压症有一定疗效，对由于颈椎病等引起的低血压的升压作用可能不迅速，但可明显改善其它症状。'),(45,'心血管神经官能症','心血管神经官能症，又称神经血循环衰弱症，是最常见的心血管功能失调症之一。女性多见，年龄在20岁～40岁者最多。临床表现有呼吸困难、心悸、疲倦、心前区隐痛，多在劳动或精神紧张后发生或加重，主要是自主神经平衡失调所引起的心血管功能紊乱结果。中医认为本病与气血虚弱，突然惊恐，心失所主，或由于忧虑过度、气血亏损、气不足则心不能自安；血不足则心失所养，其它如阴虚火旺、心阴不振、痰热上扰等均可发生。',3,'<br/>取穴：<br/>交感、心、胸、神门、枕、身心穴、神经系统皮质下、心血管系统皮质下、耳尖'),(46,'心肌炎','心肌炎是指各种原因引起的心肌的炎症性病变。多种因素如感染、物理和化学因素均可引起心肌炎，所造成的心肌损害的轻重程度差别很大，临床表现各异，可见到心脏扩大、心搏增快、心音减弱、心律不齐、心脏杂音等症状。中医认为本病由于外感风湿、热邪，或因风寒湿邪化热，致邪由表如里，羁于经络而耗气伤阴，阴阳失调、心失所养而成病。',3,'<br/>取穴：<br/>心、胸、小肠、心血管系统皮质下、内分泌、交感<br/>【说明】<br/>1、耳穴疗法可作为本病的辅助治疗，应采用中、西医综合治疗。<br/>2、病人在恢复期、慢性期时，可适当进行体育锻炼，但不能过劳。'),(48,'缺铁性贫血','贫血的原因其中最常见的，是缺铁性贫血或称营养性贫血。如果人体对铁的摄入量不足，便会影响到血红蛋白的合成，从而使红细胞中血红蛋白的含量显著减少，随之红细胞数目就减少。其结果，会使人体内的各细胞、组织供氧不足，将导致缺铁性贫血症。中医学属于“萎黄”、“黄胖”、“虚损”、“虚劳”等范畴。',4,'<br/>主穴：<br/>脾、血液点、耳中、肝<br/>配穴：<br/>内分泌、胃、三焦<br/>【说明】<br/>辅助治疗可给予高蛋白及含铁丰富的饮食，促进康复'),(49,'慢性胃炎','慢性胃炎系指不同病因引起的各种慢性胃黏膜炎性病变，是一种常见病，多发病。临床症状主要表现为上腹胀满、隐隐作痛，可伴有反酸、恶心、呕吐、嗳气、食欲不振等。中医认为胃炎多由情志和饮食所伤，属“胃脘痛”，“痞满”范畴，若合并上消化道出血，则属于“血症”范畴。主要分类有：<br/>浅表性胃炎：患者可有不同程度的消化不良症状，如进食后上腹部不适、隐痛，伴嗳气、恶心、泛酸，偶有呕吐。<br/>萎缩性胃炎：常表现为上腹部隐痛、胀满、嗳气，食欲不振，或消瘦、贫血等。<br/>肝胃不和型胃炎：表现为胃脘部胀满，两胁胀痛，胸闷喜叹息，嗳气频繁，反酸恶心，大便不畅，每因情志因素而加重。',5,'<br/>主穴：<br/>胃、贲门、十二指肠、消化系统皮质下<br/>配穴：<br/>浅表性胃炎：交感<br/>萎缩性胃炎：胰腺、口、内分泌，禁用交感穴<br/>肝胃不和、腹胀：脾、腹胀区、三焦<br/>【说明】<br/>1、伴有上消化道出血，症状较重，病情较急者，需立即予以药物或手术治疗，不可延误病情。<br/>2、患者平时应注意饮食，忌食生冷辛辣，戒烟戒酒，保持心情舒畅。'),(50,'胃、十二指肠溃疡','胃、十二指肠溃疡是极为常见的疾病，发病原因多与长期饮食不节、精神过度紧张、自主神经功能紊乱有关。胃溃疡疼痛多在食后半小时至1小时左右发生，持续1~2小时才逐渐缓解，疼痛多位于剑突（心窝）下正中或稍偏左处。十二指肠溃疡疼痛多在进食后2~4小时左右发生，呈空腹痛或饥饿样疼痛，进食后疼痛缓解。疼痛多位于上腹偏右。胃、十二指肠溃疡多伴有反酸、嗳气、恶心、呕吐等消化道症状，常因气候骤变、精神刺激、过度疲劳、饮食不当或感染而诱发。中医认为本病属于“胃脘痛”范畴，分为肝胃不和型、脾胃虚寒型和胃阴不足型。<br/>肝胃不和型：主症为胃脘胀闷，脘痛连胁，喜叹息，嗳气反酸，每因情志因素而痛作，大便不畅。<br/>胃阴不足型：主要症状为胃痛隐隐，嘈杂灼痛，口燥咽干，消瘦乏力，口渴不欲饮，大便干结。<br/>脾胃虚寒型：胃痛隐隐，喜暖喜按，空腹痛甚，得食则缓，时吐清水，纳差腹胀，神疲乏力，手足欠温，大便溏薄。',5,'<br/>主穴：<br/>胃、贲门、十二指肠、消化系统皮质下<br/>配穴：<br/>浅表性胃炎：交感<br/>萎缩性胃炎：胰腺、口、内分泌，禁用交感穴<br/>肝胃不和、腹胀：脾、腹胀区、三焦<br/>【说明】<br/>1、伴有上消化道出血，症状较重，病情较急者，需立即予以药物或手术治疗，不可延误病情。<br/>2、患者平时应注意饮食，忌食生冷辛辣，戒烟戒酒，保持心情舒畅。'),(51,'十二指肠球炎','十二指肠球炎是十二指肠球部弥漫性炎症，炎症的发生与长期饮食不规律、精神过度紧张、自主神经功能紊乱有关。临床常见症状呈空腹痛、饥饿痛、绞痛，多在进食后疼痛缓解，疼痛部位在上腹偏右，如不注意治疗及饮食规律，可能导致十二指肠溃疡。',5,'<br/>主穴：<br/>十二指肠、胃、贲门、脾、消化系统皮质下<br/>配穴：<br/>交感、胰腺、胆囊'),(52,'便秘','便秘是大便干燥、坚硬、排便困难，数日一次。除腹部胀满感外，可伴有头痛、眩晕、恶心、口臭、心悸不寐等症状。中医认为便秘为多种原因引起，如肠胃燥热、津液耗伤、七情不和、气机郁滞、久病内伤、年老体衰、气血不足等，导致大肠传导功能失常引起便秘。便秘有实证和虚证之分。<br/>实证：多见饮食失节，过食辛辣或因热病引起津液枯竭所致。<br/>虚证：多见孕妇、体恤年迈者，因气血不足、肾虚阴精耗竭所致。',5,'<br/>取穴：<br/>大肠、乙状结肠、肝、脾、肺、三焦、消化系统皮质下<br/>【说明】<br/>1、耳穴治疗本病效果较好，如若治疗多次而无效者，须查明病因，以免延误病情。<br/>2、患者平时应加强体育锻炼，并多食蔬菜、水果及粗纤维食物，逐步养成定时排便习惯。'),(53,'反酸、恶心','反酸是指胃内容物经食管反流达口咽部，口腔感觉到出现酸性物质。反酸所致的症状和危害可有烧心、食管痛、吞咽痛、呼吸道症状。中医认为本病是因感受寒热诸邪、饮食不节、情志不和、脾胃虚热、胃失和降，胃气上逆而引起。',5,'<br/>取穴：<br/>胃、肝、交感、脾、贲门、枕、神经系统皮质下<br/>'),(54,'膈肌痉挛（呃逆、打呃）','膈肌痉挛是指膈神经受刺激而引起的膈肌间歇性、不自主的痉挛性收缩。多由精神刺激、受凉或进食太快所引起，或继发于消化系统疾病或手术后。发作时轻者数分钟至数小时，可不治自愈，严重者可迁延数日或数月不愈。因表现为喉间呃呃连声，声短而频，令人不能自制，故此病中医名为“呃逆”。本病分为虚实两类，其机理皆为胃失和降、胃气上逆。',5,'<br/>取穴：<br/>膈、贲门、胃、肝、三焦、交感、消化系统皮质下、神门<br/>【说明】<br/>因受寒、情志不遂引起者，即中医辨证属实证，病程短者，疗效较好；某些疾病继发性呃逆，即中医辩证属虚症者，病程长者，疗效较差。'),(55,'食管炎','食管炎即食道炎，泛指食管黏膜浅层或深层组织由于受到刺激或损伤，食管黏膜发生水肿和充血而引发的炎症。主要有烧心，吞咽疼痛、困难及胸骨后疼痛等症状。中医属于“噎嗝”范畴。',5,'<br/>取穴：<br/>食道、贲门、胸、脾、消化系统皮质下、交感（出血者禁用此穴，包括呕血、便血）'),(56,'胃肠道功能紊乱（胃肠神经官能症）','胃肠道功能紊乱又称胃肠神经官能症，是一组胃肠综合征的总称，精神因素为本病发生的主要诱因，如情绪紧张、焦虑、生活与工作上的困难、烦恼、意外不幸等，均可引影响胃肠功能正常活动，进而引起胃肠道的功能障碍。以胃部症状为主者常有反酸、嗳气、厌食、呃逆、恶心、呕吐、食后腹胀、上腹部不适或疼痛等症状，以肠道症状为主者有肠功能紊乱、腹胀或腹痛、肠鸣、腹泻或便秘、消化功能不良等症状。部分患者有头晕头痛、失眠焦虑、精力不集中、神经过敏等症状。中医学属于“郁症”、“梅核气”等范畴。',5,'<br/>取穴：<br/>大肠、小肠、乙状结肠、消化系统皮质下、交感、脾 、肝、三焦<br/>【说明】<br/>1、胃肠神经官能症的精神治疗占有重要地位，治疗时应深入了解病史，作耐心细致的解释工作，使病人正确认识疾病，消除顾虑，树立治疗信心。<br/>2、病人应积极参加文体活动，避免精神刺激，保持心情舒畅。'),(57,'消化不良','是小儿常见疾病，常因饮食过度或吃了不易消化的食物而影响胃肠消化功能，细菌或病毒感染也常为本病因素。临床症状有腹泻、食欲不振、消瘦等。一般轻型腹泻称为“消化不良”，重型腹泻，并伴有水、电解质紊乱者称为“中毒性消化不良”，这里主要指前者，即“消化不良”，中医属于“泄泻”、“呕吐”、“积滞”范畴。',5,'<br/>取穴：<br/>胃、脾、贲门、小肠、大肠、直肠、消化系统皮质下、耳尖'),(58,'胃下垂','胃下垂是由于膈肌悬力不足，支撑内脏器官韧带松弛，或腹内压降低，腹肌松弛，导致站立时胃大弯抵达盆腔，胃小弯弧线最低点降到髂嵴联线以下。常伴有十二指肠球部位置的改变。临床上可有腹胀、食后加重、平卧减轻，恶心、嗳气等症状，多见于女性。中医学属于“胃缓”、“虚损”范畴。',5,'<br/>取穴：<br/>胃、脾、贲门、小肠、大肠、直肠、消化系统皮质下、耳尖'),(59,'呕吐','呕吐是指胃中之物从口中吐出的一种临床常见症状，可伴发于多种疾病，如急性胃炎、肝炎、贲门痉挛等。致病原因多由于食入刺激性食物或变质食物，也可与精神因素有关，多见于女性。脑源性呕吐多呈喷射状，应属专科治疗范围。也有因中毒引起的呕吐，此类呕吐不宜采用耳穴止吐方法。中医认为凡风寒暑湿诸邪，以及痰饮、食积、肝气郁结等皆能引起胃气上逆，发生呕吐。',5,'<br/>主穴：<br/>胃、交感、神门、枕<br/>配穴：<br/>贲门、耳中、肝、消化系统皮质下、脾；<br/>感受寒邪：肺、耳尖<br/>感受暑湿：三焦、大肠<br/>食积：小肠、胰腺、胆囊<br/>【说明】<br/>1、耳穴治疗恶心、呕吐效果较好，如急性胃炎、神经性呕吐、妊娠呕吐、晕车、晕船等。<br/>2、治疗妊娠呕吐时宜轻刺激。'),(60,'慢性腹泻（慢性肠炎）','临床上如果腹泻持续或反复发作超过2个月以上，则为慢性腹泻。可能由慢性消化系统疾病及消化道以外的慢性病，或其他原因引起。中医认为腹泻主要是因为脾胃与大小肠感受外邪所致，可能因进食生冷不洁之食物，七情不和，损伤脾胃而影响其运动。中医学属于“泄泻”范畴。主要类型有：<br/>寒湿腹泻：腹泻次数较多，便质清稀，水谷相杂，腹痛喜暖，口不渴或渴喜热饮。<br/>湿热腹泻：腹泻急迫，所下黄糜热臭，肛门灼热，身热口渴，小便短赤。<br/>食积腹泻：腹痛即泻，泻后痛减，泻下粪便臭如败卵，嗳气、反酸，不思饮食。<br/>肝郁腹泻：腹泻水样便，肠鸣攻痛，失气频频，胸胁胀闷，嗳气，每遇情志变化时诱发或加重。<br/>脾虚腹泻：腹泻每日2~4次不等，多为稀便，腹痛喜暖喜按，面色萎黄，喜暖怕凉，食欲不振。<br/>肾阳衰微：每于黎明前腹中隐痛，痛即腹泻，泻后则安，腹部及下肢畏寒，神疲乏力，四肢不温，面色晄白。',5,'<br/>主穴：<br/>交感、下焦、大肠、直肠、脾、神门、枕、消化系统皮质下、耳尖<br/>配穴：<br/>脾肾阳虚：肾<br/>肝郁腹泻：肝、胆囊<br/>呕吐：贲门、耳中<br/>过敏性结肠炎：过敏区、内分泌<br/>【说明】<br/>1、急性肠炎发病急，症状重，应及时予以药物治疗，不可延误病情。<br/>2、频繁腹泻者需防止脱水，应少量多次进水，如失水严重者，应马上给予输液。<br/>3、慢性肠炎宜用耳穴压贴法，尤以腹痛、腹泻前按压效果好。<br/>4、急、慢性肠炎在治疗期间应控制饮食，忌食生冷油腻，尤以食积引起者更应注意。'),(64,'溃疡性结肠炎','溃疡性结肠炎是结肠和直肠慢性非特异性炎症性疾病，病变局限于大肠黏膜及黏膜下层。病变多位于乙状结肠和直肠，也可延伸至降结肠，甚至整个结肠。病程漫长，常反复发作。本病见于任何年龄，但20～30岁最多见。溃疡性结肠炎的病因至今仍不明。基因因素可能具有一定地位，心理因素在疾病恶化中具有重要地位，也有人认为溃疡性结肠炎是一种自身免疫性疾病。',5,'<br/>取穴：<br/>大肠、乙状结肠、下焦、交感、脾、直肠、内分泌、消化系统皮质下、耳尖'),(65,'胆结石、胆囊炎、胆道系统感染','胆道系统感染包括急性胆囊炎、慢性胆囊炎、胆管炎、胆囊结石、胆总管结石、肝内胆管结石和急性梗阻性、化脓性胆管炎等多种疾病。临床以胆囊炎、胆结石和胆管炎为常见病。胆道疾病属中医的“肋痛”、“腹痛”、“黄疸”范畴，多由肝气郁结，脾失健运，湿热蕴于肝胆所致。',5,'<br/>取穴：<br/>交感、三焦、消化系统皮质下、胆囊（耳前与耳后对贴）、胆道、十二指肠<br/>【说明】<br/>对急性发作者，若疼痛剧烈及感染严重者应给予解痉止痛药及适当选用抗生素，以免延误病情。'),(66,'内耳眩晕症','内耳眩晕又称梅尼埃病，是由于内耳膜迷路水肿而致发作性眩晕、波动性耳聋和耳鸣为主要表现的内耳疾病。一般为单耳发病，青壮年多见。病因不明，可能与先天性内耳异常、植物神经功能紊乱、病毒感染、变应性、内分泌紊乱、盐和水代谢失调等有关。目前普遍认为内淋巴回流受阻或吸收障碍是主要的致病原因，如内淋巴管狭窄或堵塞；植物神经功能紊乱可致内耳小血管痉挛，导致迷路微循环障碍，组织缺氧，内淋巴生化特性改变，渗透压增加而引起膜迷路积水。此外，内耳疾患，如炎症、动脉硬化等影响前庭神经，亦可发生眩晕症候群。中医称本病为“眩晕”，认为多由肝阳上亢或痰湿瘀阻以及气血不足所致。',6,'<br/>主穴：<br/>内耳、晕区、枕、三焦、肝、肾、胆囊、耳尖<br/>配穴：<br/>恶心、呕吐：贲门、胃<br/>镇静：神门、神经系统皮质下<br/>【说明】<br/>1、耳穴对内耳眩晕症，有明显止晕止眩作用。反复发作者要坚持治疗。<br/>2、对链霉素中毒引起的眩晕，治疗效果差，治疗时间要长。'),(67,'耳鸣','耳鸣是自觉耳内有声响。耳鸣有高音耳鸣和低音耳鸣。高音耳鸣似蝉鸣，常为听觉器质性病变所致，低音耳鸣是听觉紊乱现象。耳鸣常伴有听力下降、耳部病患、外耳道异物、中耳炎、耳硬化症、耳蜗病变及某些全身性疾病，如脑膜炎、高热、药物中毒等均可发生耳鸣、听力下降。原因可见神经性耳鸣、内脏性耳鸣、耳部疾患、全身性疾病及外伤等。中医认为耳鸣多与肝、胆、肾有关，有虚实之分。虚证多因肾阴亏损，或心肾不交所致，声如蜂鸣；实证多因肝胆火旺，或痰火蒙窍所致，鸣声如潮。',6,'<br/>主穴：<br/>内耳、颞、三焦<br/>配穴：<br/>实证引起的耳鸣：耳尖、肝、胆囊<br/>虚症引起的耳鸣：肾、交感、心血管系统皮质下<br/>【说明】<br/>治疗耳鸣，相应部位只取内耳、禁忌取外耳穴，外耳穴可使耳鸣加重。治疗听力下降、耳聋，可取内耳、外耳穴。'),(68,'听力下降、耳聋','医学上一般将听力下降都统称为耳聋。耳聋并不是指一点声音都听不到，而是有一定程度区别的，可分为轻度、中度和重度，以至全聋几种情况。中医认为可能由于先天缺陷或外邪内伤诸因所致。暴聋多实，久聋多虚。实证多因外感风寒、风热、肝炎等，如有棉塞，伴有耳鸣或内耳胀痛、鼻塞、头痛、口苦等；虚证多因中气不足或肝肾亏损，症状为耳聋无胀痛，伴有耳鸣、头晕、目眩、腰酸乏力等。',6,'<br/>取穴：<br/>内耳、外耳、三焦、目1、肾、胆囊、交感、外交感、心血管系统皮质下、颞、速听点（肘）<br/>【说明】<br/>   耳穴对有残余听力、耳聋患者有一定疗效，治疗时间要长。'),(69,'慢性化脓性中耳炎','慢性化脓性中耳炎是指中耳黏膜、骨膜或深达骨质的慢性化脓性炎症。本病在临床上较为常见，常以耳内间断或持续性流脓、鼓膜穿孔、听力下降为主要临床表现，严重时可引起颅内、颅外的并发症。本病的发生，外因多为风湿热邪侵袭，引动肝胆之火，内外邪热结聚耳窍，血肉腐败，生脓汁而成脓耳。内因多为肝胆脾肾脏腑功能失调，正不胜邪，邪毒滞留，骨肉腐败而成脓耳。小儿脏腑娇嫩，易感邪毒，故小儿患脓耳多于成人。',6,'<br/>取穴：<br/>内耳、外耳、颞、三焦、内分泌、脾、肾上腺、耳尖<br/>【说明】<br/>1、耳穴疗法对慢性单纯性中耳炎疗效最好。<br/>2、耳穴治疗同时可配合使用内服药或外用药，以提高疗效。<br/>3、本病关键是正虚邪侵，要注意提高抗病能力，同时保持耳道清洁卫生。'),(70,'耳痛','耳痛分为原发性与继发性两类。前者为耳廓本身疾病所致；后者系某些部位的疾病，如口腔疾病、咽喉疾病及颞颌关节等组织疾病，通过神经反射所引起。耳痛常为针刺样痛、放射样痛、瞬间痛，反复发作多为耳廓神经痛，若持续痛、胀痛多为其他疾病引起的放射性牵涉性痛。妇女面部拉皮手术亦可引起耳廓及耳周围部疼痛。',6,'<br/>主穴：<br/>相应部位、耳颞神经点、三焦<br/>配穴：<br/>外耳、内分泌、肾上腺、神门、枕、耳尖<br/>【说明】<br/>耳痛常与全身其他部位疾病有关。除耳廓神经痛外，耳痛常因耳源性疾病、耳廓周围组织器官病变或全身性疾病引起，治疗前一定要查明病因，针对病因采取治疗措施。'),(71,'耳痒','耳痒是指外耳道及耳廓部位作痒，痒时搔抓不解，甚者难于入睡或躁而不安。痒处多无异常变化，检查也无器质性病变。耳痒常与受风、身体虚弱、神经过敏及代谢障碍等有关。常发于秋冬季节，以中年以上女性为多。',6,'<br/>取穴：<br/>耳尖、外耳、过敏区、肺、神门、枕、内分泌、膈、肾上腺'),(72,'耳堵塞感','耳闷，即耳内有堵塞感，就像是耳朵里塞了一团棉花一样，讲话似乎感觉到声音在耳朵里。耳闷常伴听力下降、耳鸣等，甚是难受。耳朵分为外耳、中耳和内耳三个部分，任何一个部分出现异常均可导致耳闷。',6,'<br/>取穴：<br/>耳尖、内耳（耳前与耳后对贴）、三焦、颞'),(73,'慢性鼻炎','鼻腔黏膜炎症，有急性和慢性两种。急性鼻炎普遍与感冒有关，慢性鼻炎大多为急性鼻炎反复发作，致使鼻粘膜长期受到炎症刺激，引起黏膜及黏膜慢性炎症病变，或因外界有害气体的长期刺激而成。慢性鼻炎临床上分为单纯性鼻炎、肥厚性鼻炎和萎缩性鼻炎。中医称本病为“鼻漏”，病程缠绵日久，以流脓涕、鼻塞、甚则头痛、脑胀、嗅觉失灵为主症。本病多因外感风热、郁久化热或肝胆之热上升，熏蒸清窍所致。亦有因肺气虚寒，津液不降，并于空窍而成。',6,'<br/>取穴：<br/>内鼻、肺、外耳、过敏区、肾上腺<br/>【说明】<br/>耳穴治疗单纯性、慢性鼻炎有实时效应，停止治疗时，效果不明显，坚持治疗以巩固疗效。'),(74,'过敏性鼻炎','本病又称为变态反应性鼻炎，与变态反应体质，精神因素，内分泌失调有关。由于鼻粘膜有特殊敏感反应，当外界出现过敏源时，如花粉、烟尘、冷空气及化学药品等，即引起疾病发作。中医称本病为“鼻鼽”。本病主要由于肺气亏虚，卫气不固，腠理疏松，感受外邪，犯及鼻窍，邪正相争，肺气不得通条，肺之宣发之力受束。而致津液停聚，鼻窍拥塞，而致打喷嚏、流鼻涕。而肺气充盛赖于脾气的输布，又气之根在肾，故本病与肺、脾、肾三脏有关。',6,'<br/>取穴：<br/>內鼻、外耳、内分泌、肾上腺、过敏区、脾、肺、交感、耳尖<br/>【说明】<br/>耳穴治疗过敏性鼻炎有一定疗效，但疗效进展缓慢，需坚持治疗。若为季节性变态反应性鼻炎，应在发病季节前治疗，可延迟发病时间或减轻或控制病情发作，以达到脱敏或增强机体免疫功能。'),(75,'鼻窦炎','一个或多个鼻窦发生炎症称为鼻窦炎，累及的鼻窦包括：上颌窦、筛窦、额窦和蝶窦，鼻窦炎是一种在人群中发病率较高的疾病，影响患者生活质量。鼻窦炎可分为急性、慢性鼻窦炎两种。急性鼻窦炎多由上呼吸道感染引起，细菌与病毒感染可同时并发。慢性鼻窦炎较急性者多见，常为多个鼻窦同时受累。临床症状特点为流脓涕、头闷、头痛、鼻塞、记忆力减退等。中医称为“鼻渊”，因风寒犯肺、肺失清肃、肺热或肝胆火旺，移热于上而成。',6,'<br/>取穴：<br/>上颌、上颚、额、内鼻、外耳、三焦、肺、肾上腺、内分泌<br/>【说明】<br/>鼻窦炎急性期需及时治疗，若治疗较缓，炎症得不到控制，发展成慢性鼻窦炎时，会引起嗅觉失灵。'),(76,'鼻咽炎','鼻咽部黏膜、黏膜下和淋巴组织的炎症即为鼻咽炎，分为急性鼻咽炎和慢性鼻咽炎。鼻咽炎病人鼻咽干燥不适，有黏稠分泌物不易咳出，故咳嗽频繁，常伴有恶心，严重者有声嘶、咽痛、头痛、头晕、乏力、消化不良、低热等局部或全身症状。鼻咽部检查见黏膜慢性充血、增生、肥厚，覆以分泌物或干痂。',6,'<br/>取穴：<br/>鼻咽、交感、过敏区、肺、内分泌、气管、耳尖、'),(77,'嗅觉失灵','在没有明显原因（如患伤风病）的情况下，持续出现嗅觉及味觉失灵现象，叫做嗅觉失灵。造成嗅觉缺失的最常见原因，有过敏性鼻窦炎、鼻息肉、感冒病毒感染。鼻炎病毒感染、头部外伤、二氧化硫、氮化物，以及装修房子后室内残余的甲醛等等都能导致。长期喷香水，也会导致。中医认为本病多因长期湿浊逐渐积聚而成肿物，肿物阻于鼻腔，清窍不通，脉络受阻，故鼻塞，嗅觉不灵。又因肺气虚，津液不足，鼻粘膜失去滋养，故黏膜干燥；或因邪毒侵蚀肌膜，灼伤阴津，黏膜萎缩而痂皮多，则嗅觉不灵、不分香臭。',6,'<br/>取穴：<br/>內鼻、肺、脑干、交感、内分泌、三焦、大肠、耳颞神经点、心血管系统皮质下、嗅中枢（耳垂4区，参照神经衰弱点）'),(78,'鼻鼾','鼻鼾是睡眠期间上呼吸道气流通过时冲击咽部粘膜边缘和粘膜分泌物引起振动而产生的声音，其部位始至鼻咽直至下咽，包括软腭、悬雍垂、扁桃体及腭咽弓、腭舌弓、舌根、咽部肌肉和粘膜，超过6分贝以上称为鼾症。鼻鼾的病因包括口腔疾患、舌体增大、肺部疾病等。',6,'<br/>取穴：<br/>气管、三焦、肺、咽、喉、交感、鼻咽、胸、口、食道、喉牙'),(79,'扁桃体炎','急性扁桃体炎是扁桃体的一种非特异性急性炎症，常伴有轻重程度不等的咽粘膜及咽淋巴环的急性炎症。多见于10～30岁之间的青少年，且往往是在慢性扁桃体炎基础上反复急性发作。发病率以春秋两季较高，在季节更替、气温变化时容易发病。急性扁桃体炎治疗不当会反复发作，可形成慢性扁桃体炎，甚至可诱发中耳炎、心内膜炎、肾炎、风湿性关节炎等。中医称本病为“喉蛾”、“乳蛾”，病因多系风热、邪毒或食辛、辣、煎、炒，内外邪相搏，引起肺胃火热上蒸，津液受灼，化火循肺经上逆，结于咽喉而发病。',6,'<br/>取穴：<br/>耳尖、扁桃体、咽、喉、喉牙、口、气管<br/>【说明】<br/> 治疗期间患者应避免食用辛辣刺激性食物，宜选择易于消化、清淡食品。'),(80,'急性咽喉炎','急性咽喉炎是咽喉黏膜、黏膜下组织和淋巴组织的急性炎症，冬春季节最为多见，通常情况是由病毒或细菌引起。多数继发于急性鼻炎、急性鼻窦炎、 急性扁桃体炎。发病前常有受凉、疲劳、化学气体或粉尘的刺激、吸烟过度等诱因，因人体免疫力降低，而容易导致该病的发生。症状有轻重不同，轻者咽喉发干、疼痛、声音嘶哑；重者畏寒、发热、头痛、四肢酸痛、吞咽痛等。',6,'<br/>取穴：<br/>耳尖、咽、喉、口、三焦、内分泌、喉牙、气管、肾上腺'),(81,'慢性咽喉炎','是一种咽部黏膜的慢性炎症，症状常见咽部干燥而有粘稠液，咳嗽。多见成年人，病程长，易复发。可引起咽部粘膜充血和肿胀，咽下部常有稠厚的粘液，咽后壁常有突起的淋巴滤泡。',6,'<br/>取穴：<br/>咽、喉、肺、喉牙、气管、脾、三焦、内分泌、肾上腺、耳尖'),(82,'喉炎','喉和声带的炎症，是由细菌或病毒感染或气体、化学剂等刺激所致，有急性和慢性两种。急性喉炎可见咳嗽多痰、声音沙哑、呼吸困难等症状。慢性喉炎主要症状是失音嘶哑，声带有充血、肥厚、息肉样等病理变化。',6,'<br/>取穴：<br/>喉、三焦、气管、肾上腺、耳尖、交感'),(83,'声音嘶哑','声音嘶哑又称声嘶，是喉部（特别是声带）病变的主要症状，多由喉部病变所致，也可因全身性疾病所引起。声嘶的程度因病变的轻重而异，轻者仅见音调变低、变粗，重者发声嘶哑甚至只能发出耳语声或失音。',6,'<br/>取穴：<br/>声门、喉、口、气管、脾、肺、三焦、内分泌'),(84,'咽喉异物感（梅核气）','本病多因情志不遂，肝气瘀滞，痰气互结，停聚于咽所致，以咽中似有梅核阻塞、咯之不出、咽之不下、时发时止为主要表现的疾病。临床以咽喉中有异常感觉，但不影响进食为特征。患有肝病、咽喉疾病、精神疾病时均可见此病证。现代医学称为咽异感症，又常被诊为咽部神经官能症，或称咽癔症、癔球。该病多发于青中年人，以女性居多。',6,'<br/>主穴：<br/>气管、喉、咽、食道、肺、三焦<br/>配穴：<br/>肝、胸、身心穴、神经系统皮质下<br/>【说明】<br/>1、咽部异物感是一种功能性疾病。治疗前要明确诊断，以防误诊误治。<br/>2、本病的发生与情志相关，因此治疗时应重视心理治疗。<br/>3、咽、喉、气管、食道、神经系统皮质下、三焦穴为主要刺激点，可使病情得到缓解。'),(85,'复发性口腔溃疡（口疮）','复发性口腔溃疡是一种反复发作的口腔粘膜疾病，特点是反复发作，灼痛难忍，具有“黄、红、凹、痛”特征，同时能引起多种并发症。口腔溃疡一般多发于春秋季节，病因较为复杂，一般认为与全身因素如精神紧张、睡眠不足、过度疲劳、消化不良、内分泌紊乱等有关。',6,'<br/>取穴：<br/>上颚、下颚、舌、三焦、口、脾、过敏区、相应部位、耳尖<br/>【说明】<br/>复发性口腔溃疡为周期性发作疾病。发作时影响进食及睡眠，而又每因情志不畅，生活不规律而复发。患者应养成良好生活习惯，每日保持大便通畅，多食新鲜蔬菜水果，可预防口腔溃疡的发生。'),(86,'颞颌关节紊乱综合征','颞颌关节紊乱综合征是口腔颌面部最常见的疾病，发病机制尚未完全明了。本症的主要临床表现为关节区疼痛、运动时关节弹响、下颌运动障碍等。多数属关节功能失调、预后良好；但极少数病例也可发生器质性改变。本病好发于青壮年，常发生于一侧，亦可累及双侧。发病原因可能与关节周围肌肉过度兴奋或过度抑制，牙咬合关系紊乱，关节先天性畸形，创伤、劳损或寒冷刺激有关。',6,'<br/>取穴：<br/>颞颌关节（耳前和耳后）、口、三焦、喉牙<br/>【说明】<br/>治疗时取穴要准，刺激量要大。此外，应配合局部按摩和热敷或矫形治疗，有助于疾病的恢复。'),(87,'牙周炎','本病相当于中医中的“牙宣”，是牙周支持组织呈慢性进行性破坏的一种疾病，由于临床表现不同而分为牙周炎、牙周脓肿、牙周变性，中年以上多发。病因复杂，可由局部或全身性因素引起。全身因素可有维生素吸收和利用障碍，内分泌异常，重症系统性疾病等；局部因素可有细菌感染，局部异物，颞颌关节功能紊乱等。上述因素导致牙龈出现水肿，充血，出血，牙龈与牙根之间，牙槽与牙龈间形成深沟，伴有溢脓，最终牙槽萎缩，牙齿动摇，导致牙齿拔出。',6,'<br/>取穴：<br/>上颌、下颌、口、脾、三焦、耳尖<br/>【说明】<br/>牙周炎属慢性进行性疾病，病程长，往往并发多种症状，治疗周期相对较长。患者应坚持治疗，必要时可配合体针或艾灸治疗。'),(88,'牙龈出血','牙龈出血多见于牙周炎和牙龈炎患者，多由口腔不卫生、牙石沉积，牙龈红肿、糜烂，刷牙、吸允出血引起。中医属于“牙痛”范畴，多因湿热蓄积于肠胃，上壅于经脉，胃火上炎所致。',6,'<br/>取穴：<br/>上颌、下颌、脑垂体、脾、肾上腺、膈、口、耳尖'),(89,'牙痛','牙痛是指牙齿因各种原因引起的疼痛，为口腔疾患中常见的症状之一，可见于龋齿、牙髓炎、根尖周炎、牙外伤、牙本质过敏、楔状缺损等。中医认为牙痛症有实火和虚火之分。风火牙痛多见于急性牙龈炎、根尖周围炎；胃火牙痛多见于冠周炎、化脓性根尖周围炎；虚火牙痛多见于慢性牙周炎、慢性根尖周围炎。',6,'<br/>主穴：<br/>三焦、口、上颌或下颌、牙<br/>配穴：<br/>上牙痛：胃<br/>下牙痛：大肠<br/>胃火牙痛：耳尖<br/>虚火牙痛：肾'),(90,'牙龈炎','牙龈炎发病因素以局部刺激为主，口腔中的各种细菌附在牙面上，形成牙菌斑，食物嵌塞、修复不良的假牙、残根等，也可引起牙龈炎。慢性牙龈炎是牙周病的早期阶段。中医学属于“牙痛”范畴，多由湿热积聚于肠胃、上壅于经脉，胃火上炎所致。',6,'<br/>取穴：<br/>上颌、下颌、口、胃、脾、大肠'),(91,'舌痛','舌痛是指舌有灼痛，或辣痛，或麻痛，或涩痛等感觉的现象。疼痛的部位可在舌尖、舌边、舌心、舌根或全舌等不同部位。引起舌痛的常见原因有脏腑实热与阴虚火旺二种。由火热上炎所致者，症见舌上起红刺，舌痛而难举，治宜清热泻火。由阴液伤者，症见口舌干燥而痛，或舌苔光剥，治宜养阴清热。',6,'<br/>取穴：<br/>心、舌、脾、三焦'),(92,'舌咽神经痛','舌咽神经痛是一种出现于舌咽神经分部区域的阵发性剧痛。疼痛性质与三叉神经痛很相似，亦分为原发性和继发性两大类。疼痛发生在一侧舌根、咽喉、扁桃体、耳根部及下颌后部，有时以耳根部疼痛为主要表现。男性病例多于女性病例，通常在40岁以后发病。',6,'<br/>取穴：<br/>相应部位、三焦、心、舌'),(94,'脱肛','脱肛又名直肠脱垂，是指直肠粘膜或直肠脱出肛外的一种病症。直肠壁部分下移，即直肠黏膜下移，称黏膜脱垂或不完全脱垂；直肠壁全层下移称完全脱垂。若下移的直肠壁在肛管直肠腔内称内脱垂；下移到肛门外称为外脱垂。多因气虚下陷或湿热下注所致。以老年人和小儿多患。初开始仅于大便时肛门脱垂，能自行回缩；病久则脱出较长，需用手托纳回。每于行走、劳累、咳嗽、用力等而脱出，肛门坠胀不适，久不回纳，则局部紫赤，肿痛加剧，甚则溃烂。',7,'<br/>取穴：<br/>直肠、肛门、大肠、膈、脾、肝、脑垂体、三焦<br/>【说明】<br/>1、治疗脱肛以左耳肛门、直肠、大肠、乙状结肠为主。<br/>2、以强刺激手法为主，肛门及直肠穴均可在耳轮内侧面及外侧面对压。'),(95,'痔疮','痔疮是直肠末端和肛管皮下的静脉丛发生扩大、曲张所形成的柔软肿块。我国成年人痔疮的发病率为60%。根据发病部位不同，痔疮通常分为内痔、外痔和混合痔三种类型。中医称本病为“隐疮”，认为多因脏腑本虚、外伤、风湿、内蕴热毒、热结肠燥，久之气血不畅，瘀滞不散，结而为痔。',7,'<br/>取穴：<br/>肛门、直肠、大肠、脑垂体、膈、脾、肾上腺、耳尖<br/>【说明】<br/>1、耳穴压贴时，取肛门穴，可在耳轮内、外缘肛门穴处对应贴压，内外共贴压4个王不留行籽，使曲张的痔静脉团收缩，消炎止痛。<br/>2、耳穴治疗外痔、内痔、混合痔、脱肛，以相应部位穴位为主，加以收缩血管、止血和提补中气的穴位。'),(96,'阑尾炎','阑尾炎是因多种因素而形成的炎性改变，为外科常见病，以青年最为多见，男性多于女性。临床上急性阑尾炎较为常见，各年龄段及妊娠期妇女均可发病。慢性阑尾炎较为少见。急性阑尾炎临床表现为持续伴阵发性加剧的右下腹痛、恶心、呕吐，多数病人白细胞和嗜中性粒细胞计数增高。右下腹阑尾区压痛是该病的重要体征。',7,'<br/>主穴：<br/>阑尾、腹、交感<br/>配穴：<br/>内分泌、神门、枕<br/>【说明】<br/>1、高热、呕吐频繁者应及时予以输液以补充或纠正电解质失衡。<br/>2、应配合抗菌素、中药治疗，严重者应中、西医结合治疗，不可延误病情。'),(99,'急性蜂窝（组）织炎','急性蜂窝（组）织炎是皮下、筋膜下、肌间隙或深部疏松结缔组织的急性、弥漫性、化脓性感染。常见致病菌为金黄葡萄球菌，有时为溶血性链球菌，少数由厌氧菌和大肠杆菌引起。常发于四肢、指、趾和颜面等处。本病起病急，局部红肿热痛，全身恶寒发热，属中医学“发”的范畴。',7,'<br/>取穴：<br/>相应部位、肺、脾、肾上腺、内分泌、耳尖<br/>【说明】<br/>1、注意个人卫生，预防本病发生。<br/>2、患者应卧床休息，多饮水，忌食辛辣和刺激性食物。'),(100,'疖痈','疖是金黄色葡萄球菌自毛囊或汗腺侵入所引起的单个毛囊及其所属皮脂腺的急性化脓性感染。痈是由金黄色葡萄球菌引起的多个相邻毛囊和皮脂腺或汗腺的急性化脓性感染性疾病。疖多发于头面、颈部、胸背和臀部。痈多发于项部、背部、腰部、臀部的皮脂腺处。唇部疖痈若经挤压、搔抓等不正确处理，感染可扩散入血液循环引起败血症等全身性感染，或感染进入颅内导致海绵窦血栓性静脉炎，严重者可威胁患者生命。',7,'<br/>取穴：<br/>相应部位、肺、脾、肾上腺、内分泌、耳尖<br/>【说明】<br/>患者在患病和治疗期间应少食脂肪及辛辣食物，不要饮酒及咖啡等刺激性饮料，要多食蔬菜、水果。'),(101,'神经衰弱（失眠）','神经衰弱是神经官能症中最常见的一种，多发于青壮年，起病缓慢。本病常因大脑皮层兴奋和抑制功能的平衡失调而导致繁多的临床症状。可涉及全身各系统。主要的神经精神症状有神疲、失眠、多梦、易怒、多疑、焦虑、记忆力衰退，并常伴有植物神经功能紊乱的症状，如心悸、多汗、手颤、肢冷发麻、性欲减退、月经不调等。本病可归属于中医的“不寐”、“郁证”、“虚劳”等范畴，病因主要与思虑太过，劳逸失调，素体不强或病后体弱有关。',8,'<br/>主穴：<br/>耳尖、神门、枕、心、神经系统皮质下、神经衰弱区（耳前和耳后）、神经衰弱点（耳前和耳后）<br/>配穴：<br/>胃失调和型：胃<br/>心肾不交型：肾<br/>心虚胆怯型：胆囊<br/>肝郁气滞型：肝<br/>心脾两虚型：脾<br/>【说明】<br/>1、本病多因劳累过度或精神紧张引起，从中医分析，多与心、肝、脾、肾、胃等脏腑功能失调有关。<br/>2、患者应有目的的按摩治疗神经衰弱的一组穴位，起到安心神、养肝血、补诸虚、滋肾水的作用，以达到治疗目的。<br/>3、耳穴治疗以心脾不足型、心肾不交型效果为好，心虚胆怯、肝郁气滞型多属暴受精神创伤引起，治疗时间要长。'),(102,'多梦','多梦是人完成睡眠过程后，感觉乱梦纷纭并伴有头晕疲倦的一种状态。中医学认为，多梦的根本原因在于机体内在变化，气血不足、情志损伤、阴血亏虚、痰热内扰肝胆、劳累过度、饮食失节等原因都会导致多梦。现代医学认为神经衰弱、大量脑力劳动导致脑神经兴奋过度、睡姿不正确、失眠症的影响也会导致多梦。中医属“不寐”范畴，多因肾阴耗伤，水火不济，心阳独亢，而神明失主所致；或因思虑太过伤及心脾，则心血耗伤，化源不足，血虚则无以养心；亦有情志所伤，肝失条达，气机不舒，郁而化火，心火上炎，扰动心神，神不得安所致。',8,'<br/>主穴：<br/>神门、枕、心、耳尖、神经系统皮质下、神经衰弱区、神经衰弱点、耳背多梦区<br/>配穴：<br/>肾、脾、肝、胆囊<br/>【说明】<br/>1、耳背多梦区：与神经衰弱区相对应的耳背部。可选择4个以上王不留行籽贴压。<br/>2、耳穴贴压治疗多梦效果较好，多梦的治疗需要有一段时间调节大脑皮层神经功能的兴奋和抑制的过程，耳穴贴压治疗需3~5次。'),(103,'头痛','头痛是临床常见的症状，通常将局限于头颅上半部，包括眉弓、耳轮上缘和枕外隆突连线以上部位的疼痛统称头痛。头痛病因繁多，神经痛、颅内感染、颅内占位病变、脑血管疾病、颅外头面部疾病、以及全身疾病如急性感染、中毒等均可导致头痛。发病年龄常见于青年、中年和老年。 <br/>',8,'<br/>主穴：<br/>耳尖、神经系统皮质下<br/>配穴：<br/>前头痛：额、交感、外交感、内鼻（鼻炎、副鼻窦炎引起的头痛）、目2（屈光不正引起的头痛）<br/>偏头痛：颞、外交感、交感、心血管系统皮质下<br/>头顶痛：顶、外交感<br/>后头痛：枕、枕小神经点、颈椎3、4（颈椎病引起后的头痛）<br/>全头痛：额、颞、顶、枕、外交感、枕小神经点<br/>【说明】<br/>颈椎3、4：与颈椎下1/3相应的耳前与耳背部。<br/>'),(104,'头晕','头晕是一种常见的脑部功能性障碍，也是临床常见的症状之一。为头昏、头胀、头重脚轻、脑内摇晃、眼花等的感觉。头晕可由多种原因引起，最常见于发热性疾病、高血压病、脑动脉硬化、颅脑外伤综合征、神经症等。此外，还见于贫血、心律失常、心力衰竭、低血压、药物中毒、尿毒症、哮喘等。抑郁症早期也常有头晕。头晕可单独出现，但常与头痛并发。头晕伴有平衡觉障碍或空间觉定向障碍时，患者感到外周环境或自身旋转、移动或摇晃。中医属“眩晕”范畴。',8,'<br/>主穴：<br/>耳尖、晕区、肝、枕、外交感<br/>配穴：<br/>内耳眩晕症引起的头晕：内耳、贲门、脾<br/>贫血引起的头晕：脾、三焦<br/>自主神经功能紊乱引起的头晕：交感、神经系统皮质下<br/>脑动脉供血不足引起的头晕：脑、心血管系统皮质下'),(106,'三叉神经痛','三叉神经痛是最常见的脑神经疾病，以一侧面部三叉神经分布区内反复发作的阵发性剧烈痛为主要表现，女性略多于男性，发病率可随年龄而增长。三叉神经痛多发生于中老年人，右侧多于左侧。该病的特点是：在头面部三叉神经分布区域内，发病骤发，骤停、闪电样、刀割样、烧灼样、顽固性、难以忍受的剧烈性疼痛。说话、洗脸、刷牙或微风拂面，甚至走路时都会导致阵发性时的剧烈疼痛。疼痛历时数秒或数分钟，疼痛呈周期性发作，发作间歇期同正常人一样。中医认为本病由于风寒、风热外袭或肝胃实热上冲，或阴虚阳亢、虚火上炎导致面部经络气血阻滞不通而导致。',8,'<br/>主穴：<br/>相应部位、耳颞神经点、脑干、三焦、耳尖<br/>配穴：<br/>上颌枝疼痛：上颌、上颚<br/>下颌枝疼痛：下颌、下颚<br/>第一枝三叉神经痛：额、眼<br/>【说明】<br/>1、耳穴治疗对疼痛有良好的止痛效果。疼痛发作时，可自行按摩治疗处，便可缓解疼痛。<br/>2、治疗期间，患者应做到避风寒、慎起居、畅情志。<br/>3、治疗三叉神经痛时，应考虑患者有无其它内脏疾病或颅内病变。若有，则应以治疗内脏病、颅内病为主。'),(107,'面肌痉挛','面肌痉挛，又称面肌抽搐，表现为一侧面部不自主抽搐。抽搐呈阵发性且不规则，程度不等，可因疲倦、精神紧张及自主运动等而加重。起病多从眼轮匝肌开始，然后涉及整个面部。本病多在中年后发生，常见于女性。 中医学认为本病多因风寒湿邪经络，以致经气阻滞、经筋失养，致血虚生风，也可由体虚、情志内伤、肝肾阴虚所致。口眼斜，久治不愈，兼有面肌抽动，归属“吊线风”范畴。',8,'<br/>取穴：<br/>神门、三焦、口、神经系统皮质下、脑干、肝、脾、面颊区、身心穴、眼、耳尖<br/>【说明】<br/>用针灸、电针刺激面部穴位，肌肉易于紧张经络，反而使抽搐加剧。用耳穴贴压治疗，可避免局部刺激致精神紧张及肌细胞过于兴奋。<br/>从耳廓的神经分布取穴，从调节大脑皮层的兴奋和抑制功能入手，治疗面肌痉挛，效果较好。'),(108,'面神经麻痹','面神经麻痹又称为“面瘫”、“歪嘴巴”、“吊线风”，是以面部表情肌群运动功能障碍为主要特征的一种疾病。它是一种常见病、多发病，不受年龄限制。一般症状是口眼歪斜，患者往往连最基本的抬眉、闭眼、鼓嘴等动作都无法完成。中医认为本病多因风寒之邪、侵入阳明或少阳经脉，以致经气阻滞、经筋失养、肌肉纵缓不收而发病。',8,'<br/>取穴：<br/>三焦、脑干、口、内分泌、肾上腺、交感、脾、肝、心血管系统皮质下、耳尖、面颊区<br/>【说明】<br/>三焦、相应部位为治疗面神经麻痹的主穴。耳穴治疗周围性面神经麻痹，可避免不良的局部强刺激导致面肌痉挛。'),(109,'幻肢痛','幻肢痛又称肢幻觉痛，系指患者感到被切断的肢体仍在，且在该处发生疼痛。疼痛多在断肢的远端出现，疼痛性质有多种，如电击样、切割样、撕裂样或烧伤样等。表现为持续性疼痛，且呈发作性加重。各种药物治疗往往无效。对幻肢痛的发生原理，目前尚无统一意见，西医亦乏有效疗法。 ',8,'<br/>主穴：<br/>交感、神门、枕、枕小神经点、耳大神经点、神经系统皮质下、耳尖、相应部位<br/>配穴：<br/>烧灼性神经痛不能入睡者：神经衰弱区、神经衰弱点<br/>【说明】<br/>幻肢痛在耳廓上可有明确的反应点，阳性反应除在截肢（指、趾）部位，亦在脊神经分布区，因此治疗时以神经点和相应部位取穴为主。'),(112,'抑郁症','抑郁症又称抑郁障碍，以显著而持久的心境低落为主要临床特征，是心境障碍的主要类型。临床可见心境低落与其处境不相称，情绪的消沉可以从闷闷不乐到悲痛欲绝，自卑抑郁，甚至悲观厌世，可有自杀企图或行为；甚至发生木僵；部分病例有明显的焦虑和运动性激越；严重者可出现幻觉、妄想等精神病性症状。每次发作持续至少2周以上、长者甚或数年，多数病例有反复发作的倾向，每次发作大多数可以缓解，部分可有残留症状或转为慢性。中医学属于“郁症”范畴。',8,'<br/>取穴：<br/>身心穴、快活穴、神经系统皮质下、神门、枕、心、肝、耳尖<br/>【说明】<br/>快活穴：与身心穴相对应的耳背处。'),(113,'疲劳综合征','疲劳综合征即慢性疲劳综合征是一组以持续或反复发作的疲劳，伴有多种神经、精神症状，但无器质性及精神性疾病为特点的症候群。研究表明，长期工作紧张、竞争压力大、情绪不稳定和负性生活事件容易诱发慢性疲劳综合征。患者多数表现为心情抑郁，焦虑不安或急躁、易怒，情绪不稳，脾气暴躁，思绪混乱，反应迟钝，记忆力下降，注意力不集中，做事缺乏信心，犹豫不决。常伴有全身疲惫，四肢乏力，周身不适，活动迟缓。有时可能出现类似感冒的症状，肌痛、关节痛等，如果时间较长，累积数月或数年，则表现得尤为明显，可有一种重病缠身之感。',8,'<br/>取穴：<br/>交感、肾、肝、脾、三焦、身心穴、神经系统皮质下、口、耳尖'),(114,'植物神经功能紊乱','植物神经紊乱是一种内脏功能失调的综合征。包括循环系统功能、消化系统功能或性功能失调的症状，多由心理社会因素诱发人体部分生理功能暂时性失调，神经内分泌功能出现相关改变而组织结构上并无相应病理改变的综合征。因不受人意志支配，故称自主神经，也称植物神经。人体在正常情况下，功能相反的交感和副交感神经处于相互平衡制约中，在这两个神经系统中，当一方起正作用时，另一方则起负作用，很好的平衡协调和控制身体的生理活动，这便是植物神经的功能；如果植物神经系统的平衡被打破，那么便会出现各种各样的功能障碍。',8,'<br/>取穴：<br/>耳尖、神门、枕、交感、肾、心、丘脑、神经系统皮质下'),(115,'肋间神经痛','肋间神经痛是指一个或几个肋间部位从背部沿肋间向胸腹前壁放射，呈半环状分布。多为单侧受累，也可以双侧同时受累。咳嗽、深呼吸或打喷嚏往往使疼痛加重。疼痛性质多为刺痛或灼痛，有沿肋间神经放射的特点。胸椎椎间盘退变性突出、关节囊和韧带增厚和骨化常导致神经通道狭窄变形，可引起肋间神经炎症，产生疼痛。同样累及肋间神经的病变还有胸椎结核、胸椎骨折或脱位、脊椎或脊髓肿瘤、强直性脊柱炎以及肋骨、纵隔、胸膜病变。带状疱疹性肋间神经痛常疼痛剧烈。中医学属于“肋痛”范畴。多因正气亏虚，肝气郁结，如恼怒气逆而肋部疼痛，胸闷不舒或脉络停瘀；或由于闪挫跌扑所致，肋间如刺，疼处不移；或因肝脉失养，寒邪侵袭，痰热壅肺所致。',8,'<br/>取穴：<br/>相应部位、耳大神经点、肋胁区、肝、胆囊、胸、枕<br/>【说明】<br/>1、肋间神经痛疼痛处不移，又随呼吸、咳嗽等动作加重，因此在取穴时应明确反应部位，肋间神经痛多在耳穴胸及肋胁区有反应点。<br/>2、若效果不明显，可取耳背穴，在对耳轮后沟处的胸及肋胁部找其阳性反应点，进行耳穴贴压治疗。'),(116,'多汗症','多汗症为自发性，常发生于神经系统的某些器质性疾病或神经官能症，由于大脑皮层兴奋与抑制过程中的平衡失调，自主神经系统不稳定，使全身过多出汗。此外，多种内科疾病，如甲状腺功能亢进，也可使全身汗液分泌过多。多数病例表现为阵发性、局限性出汗，也有全身性多汗。',8,'<br/>取穴：<br/>交感、神经系统皮质下、心、肺、相应部位<br/>配穴：<br/>神门、枕'),(117,'多动症','注意缺陷多动障碍，我国称为多动症，是儿童期常见的一类心理障碍。表现为与年龄和发育水平不相称的注意力不集中和注意时间短暂、活动过度和冲动，常伴有学习困难、品行障碍和适应不良。部分患儿成年后仍有症状，明显影响患者学业、身心健康以及成年后的家庭生活和社交能力。本病的病因和发病机制不清，目前认为是多种因素相互作用所致。如遗传因素、神经生理因素、家庭和心理社会因素等。',8,'<br/>取穴：<br/>耳尖、神门、枕、脑干、脑、神经系统皮质下、神经衰弱点<br/>【说明】<br/>耳穴治疗小儿多动症有一定疗效。要正确认识和理解儿童多动症是其发育过程中的一种异常表现，经过治疗和积极的教育是能够好转的，不应该受到家庭、学校和社会的歧视，否则易损害孩子的自尊心。'),(119,'神经性皮炎','本病为一种慢性瘙痒性皮肤病，一般认为发病与神经因素有关，患者发病前或病程过程中往往有过度兴奋、紧张、急躁、忧郁和失眠等变化。机体内环境突然改变，各种局部刺激均可为其发病诱因。神经性皮炎好发于颈部，其次为腰骶部、上肢肘部，胫前及外阴处。本病以青壮年患病者居多，其病与中医学中“牛皮藓”相类似，多由风湿热邪侵袭皮肤、日久化热生燥或血虚生风与外协蕴结所致。<br/>',9,'<br/>主穴：<br/>身心穴、交感、脾、肺、心、肝、神门、枕、神经系统皮质下、耳尖<br/>配穴：<br/>失眠：神经衰弱区、神经衰弱点<br/>【说明】<br/>1、神经性皮炎的主要症状是奇痒难耐，治疗时侧重于止痒。<br/>2、耳穴治疗同时可配合体针治疗。'),(120,'荨麻疹','本病相当于中医学中的“风瘾疹”，为一种常见的瘙痒性过敏性皮肤病，以发无定处，忽起忽退，来去迅速，瘙痒无度，消退后不留痕迹为其特点。由于禀性不耐，人对某些物质过敏所致。可因饮食不慎，多吃鱼腥海味、辛辣刺激，或因药物、生物制品、慢性病灶感染以及昆虫叮咬、肠寄生虫，或因精神因素，外界寒凉刺激等诱发。本病以皮肤突然瘙痒，迅速出现小如米粒、豆粒，大如核桃、手掌，大小不等的扁平隆起的风团为特征。其界限清楚，周围红晕呈圆形或椭圆形，向四周扩散，可以彼此融合。自觉剧烈瘙痒、灼热。急性者1周内可停止发作，慢性者可成年累月不断发作。重者可；累及黏膜，出现胃肠道反应，出现恶心、呕吐、腹痛、泄泻等症状。',9,'<br/>取穴：<br/>交感、肝、脾、肺、膈、过敏区、内分泌、肾上腺、神门、枕、耳尖<br/>【说明】<br/>1、耳穴治疗荨麻疹，急性者效果明显，慢性者由于过敏体质，机体免疫能力低下，治疗时间较长，同时要求患者尽量少接触过敏原。<br/>2、应注意饮食调整，少食辛辣及虾、蟹等易过敏食物。'),(121,'带状疱疹','本病是由病毒感染所致的疱疹性疾病，多发于机体抵抗力弱或免疫功能降低的病人。本病常见成簇水疱沿身体一侧呈带状分布，故而得名，又因其常发于腰肋间，故有“缠腰火丹”之称。亦可见于颜面、腿部，沿周围神经分布。多发于春秋季节，发病骤急，患者自觉有灼热剧痛或低热症状，以成年人居多，病程多在2~3周，病愈后少有复发。中医称本病为“缠腰火丹”、“蛇串症”、“蛇丹”、“缠腰龙”等，其病因为肝火旺盛，湿热内蕴，或感受时邪后湿热相搏于皮肤所致。',9,'<br/>主穴：<br/>相应部位、耳尖、过敏区、肝、胆囊、肺、脾、内分泌、肾上腺、神门、枕<br/>配穴：<br/>发生在下腹部、腹股沟：腹、腹股沟<br/>失眠：神经衰弱点、神经衰弱区、神经系统皮质下<br/>【说明】<br/>耳穴贴压治疗可缩短病程。带状疱疹治疗一般3天1次，5次为一个疗程。一般经一个疗程的治疗，临床症状即可减轻。'),(122,'黄褐斑','本病为一种后天性局限性皮肤黑色素增多疾病。病损局限于前额、颧部、颊部、鼻部、口周围等容易被日光照射处，好发于性成熟期后的女性。中医认为本病为肾气不足。肾水不能上承；或因肝郁气结，肝火不能条达，郁久化热，灼伤阴血，致使颜面气血失和而发病。也可能与内分泌功能紊乱、月经不调、日晒等诱因使局部皮肤黑色素细胞功能亢进，黑色素生成量增多有关。',9,'<br/>主穴：<br/>相应部位、脑垂体、肾上腺、内分泌、三焦、肾、肺、肝、脾、丘脑、促性腺激素点<br/>配穴：<br/>月经不调者：子宫、卵巢<br/>男性：前列腺<br/>【说明】<br/>1、黄褐斑治疗时间较长，一般需要1~3个月。若病损面积较大，则治疗时间长。<br/>2、本病以治疗慢性病、调节内分泌功能为主。妇女在月经不调，肾上腺皮质激素、雌激素水平低时均可出现黄褐斑。耳穴治疗必须调整激素水平，提高内分泌功能。<br/>3、治疗期应避免暴晒。'),(123,'痤疮（粉刺）','中医称为“粉刺”，因其面生丘疹如刺，可挤出白色碎米样粉汁，故名粉刺。本病好发于青春发育期男女，成年后的男子也可发病。中医认为“粉刺”是由肺胃炽热，血瘀上熏于颜面，或风热外侵郁于面部，或因饮食失常，过食辛辣、油腻、碳水化合物等食物，以及消化不良、便秘所致。',9,'<br/>主穴：<br/>耳尖、面颊区、肺、大肠、脾、肝、内分泌、肾上腺<br/>配穴：<br/>妇女月经来时严重者：子宫、卵巢、脑垂体<br/>【说明】<br/>1、痤疮部位忌用手去挤压，以防感染。<br/>2、注意饮食调节，少食辛辣及油腻食物，多食蔬菜及水果。'),(124,'扁平疣','本病是一种病毒性皮肤病，多发于青年人。皮损多为针头至米粒大小，表面光平，正常肤色或淡红色，慢性扁平疣多呈淡褐色圆形或椭圆扁平形丘疹，境界清楚，丘疹可散在或群集状，好发于面部、手臂，除皮肤损害颜色变化外，偶有瘙痒，大多数人无自觉症状。中医属“疣症”类，认为是肝火妄动，气血不和，外感风热之毒，阻于肌肤所致。',9,'<br/>取穴：<br/>脾、肝、肺、眼、面颊区、肾上腺、过敏区、内分泌、相应部位、耳尖<br/>【说明】<br/>1、耳穴治疗与病程有关，病程长见效慢，应坚持治疗。<br/>2、治疗过程中，如皮损突然增多，发红，痒感明显，临床观察为即将痊愈的症状，此时应坚持治疗。'),(126,'酒渣鼻','酒渣鼻是指在鼻部、鼻部两侧、眉间或颊部皮肤出现红斑、丘疹、脓疱为特征的，进展缓慢的炎症性皮肤病。多见于30～50岁中年人，女性多见。西医认为与胃肠功能失调、冷热刺激、辛辣食物、核黄素缺乏，鼻及鼻腔内感染等皆有一定关系。近代研究发现，酒渣鼻的鼻部皮肤损害是由于感染寄生虫—蠕形螨所致。中医认为本病因肺胃积热上蒸，复遇风寒外侵，血瘀凝结而成；或嗜酒之人，酒气熏蒸，复遇风寒之邪，交阻肌肤所致。',9,'<br/>取穴：<br/>过敏区、内分泌、肾上腺、外鼻、肝、脾、肺、面颊区、耳尖<br/>【说明】<br/>1、耳穴治疗对酒渣鼻的红斑期、丘疹期效果较好。肥大期治疗时间要长。<br/>2、患者治疗期间可用温水、硫磺皂洗脸，避免饮酒、过食辛辣以及脂肪和糖等，多食蔬菜水果，保持大便通畅。<br/>3、局部用外用药复方硫磺洗剂，可起到去脂和轻度剥落、杀灭寄生虫的作用。'),(127,'湿疹','湿疹是由多种内外因素引起的瘙痒剧烈的一种皮肤炎症反应。分急性、亚急性、慢性三期。急性期具渗出倾向，慢性期则浸润、肥厚。有些病人直接表现为慢性湿疹。皮损具有多形性、对称性、瘙痒和易反复发作等特点。湿疹病因复杂，常为内外因相互作用结果。内因如慢性消化系统疾病、精神紧张、失眠、过度疲劳、情绪变化、内分泌失调、感染、新陈代谢障碍等，外因如生活环境、气候变化、食物等均可影响湿疹的发生。外界刺激如日光、寒冷、干燥、炎热、热水烫洗以及各种动物皮毛、植物、化妆品、肥皂、人造纤维等均可诱发，是复杂的内外因子引起的一种迟发型变态反应。',9,'<br/>取穴：<br/>过敏区、肺、交感、脾、神门、枕、内分泌、膈、相应部位、耳尖<br/>【说明】<br/>1、相应部位：肝门湿疹取肛门、直肠穴；阴囊湿疹取外生殖器穴。<br/>2、避免各种外界刺激和不适当的外用药，避免精神紧张及辛、辣、腥等食物。'),(129,'单纯性疱疹（热疮）','单纯性疱疹中医称为“热疮”。常发于热病后，亦可见于常人。如饮食不节，消化不良，月经不调，妊娠等时发生。易于在人体抵抗力低下，疲劳时反复发作。本病多见于口唇外，亦常见于面颊几阴部（外生殖器）。发于上者，由于外感风热之毒，客于肺胃二经，热毒熏蒸而生。发于下者，由于肝胆二经湿毒下注而生。如常反复发作者，多由脾胃运化失健，积热上蒸而发，或由于热邪伤津，阴虚内热所致。',9,'<br/>主穴：<br/>相应部位、耳尖、过敏区、神门<br/>配穴：<br/>内分泌、肾上腺、脾、枕、肺、胃、肝、胆囊'),(130,'脱发','脱发原因很多，有全身因素，如内分泌紊乱，营养代谢障碍；或精神紧张；也可发生于其它慢性疾病或妊娠之后；也有局部因素如局部感染、外伤等；也有遗传因素。脱发分脂溢性脱发及斑秃。脂溢性脱发多于额角开始，延及前头及颅顶部，常有脱屑、剧痒。斑秃多见于青壮年。起病突然，因无自觉症状，常被他人发现告知。斑秃常为圆形或椭圆形，大小不一，数目不等，患病皮肤光滑又亮，无炎症，无萎缩。中医认为本病由于血虚不能随气荣养皮肤，以致毛孔失司，风邪乘虚袭入，风盛血燥，发失所养所致；或因情志抑郁，肝气郁结，过分劳累，有伤心脾，有伤生化之源，毛发失养所致。肝藏血，发为血之余，肾主骨，其荣在发，肝肾两亏，精神抑郁则致毛发脱落。',9,'<br/>取穴：<br/>相应部位（颞、枕、顶）、交感、肾、肝、胆囊、脾、肺、大肠、内分泌、脑垂体、神经系统皮质下<br/>【说明】<br/>颞、枕、顶穴位可直接刺激发经气，改善病变部位营养。如头顶脱发取顶，颞侧脱发取颞，枕部脱发取枕。'),(132,'接触性皮炎','接触性皮炎是皮肤或粘膜接触外来的刺激或过敏物质后，在接触部位发生的皮肤急性炎症，在接触部位发生的急性炎症，也可逐渐转化成慢性皮炎。可分原发性刺激（如强酸、强碱等）和变态反应（如动物性、植物性、化学性）两种。其临床表现为红斑、肿胀、丘疹、水疱、甚至大疱，临床所见以化学物质致病为多见。',9,'<br/>主穴：<br/>相应部位、耳尖、过敏区、肾上腺、内分泌、交感、脾、肺、肝<br/>配穴：<br/>疼痛较甚者：神门、枕'),(133,'脂溢性皮炎','脂溢性皮炎是发生于皮脂溢出部位的一种炎症性皮肤病。多发生于皮脂腺分布较多的地方，如头皮、面部、胸部及皱褶部。本病病因尚不完全清楚，可能与皮脂溢出、微生物、神经递质异常、物理气候因素、营养缺乏以及药物等作用有关。中医认为本病是由于肌热当风，风邪侵入毛孔，郁久血燥，肌肤失养所致，或胃经湿热上蒸肌肤而成。',9,'<br/>主穴：<br/>相应部位、交感、肾、肝、脾、肺、三焦、胆囊、胰腺、心血管系统皮质下、耳尖<br/>配穴：<br/>脂溢性皮炎脱发：相应部位（枕、顶、颞）<br/>【说明】<br/>耳穴对本病有较好疗效，一般经3~5次治疗便可显效。若为脂溢性脱发，治疗后头部皮屑减少，毛发脱落渐停，继而再生。'),(135,'结节性痒疹','结节性痒疹是一种慢性炎症性皮肤病，以剧痒和结节性损害为特征。病因与昆虫叮咬，胃肠功能紊乱，内分泌代谢障碍及神经、精神因素有关。本病女性多见。皮损好发于四肢，也可见于腰臀部，最多见于小腿伸侧。',9,'<br/>取穴：<br/>相应部位、过敏区、内分泌、肾上腺、耳尖、肝、肺、脾'),(137,'糖尿病','糖尿病是一组以高血糖为特征的代谢性疾病。高血糖则是由于胰岛素分泌缺陷或其生物作用受损，或两者兼有引起。糖尿病时长期存在的高血糖，导致各种组织，特别是眼、肾、心脏、血管、神经的慢性损害、功能障碍。典型糖尿病患者有“三多一少”症状，即多食、多饮、多尿，体重减少。中医学认为本病为“消渴”症，多因饮食不节，脾胃运化失职，积热内蕴，化燥伤津；情志失调，气机郁结，进而化火，消烁肺胃津液；或素体阴虚，劳欲过度，损耗阴津而发本症。<br/>',10,'<br/>主穴：<br/>糖尿病点、胰腺、耳中、内分泌、丘脑、脑垂体、三焦<br/>配穴：<br/>口渴：渴点、口<br/>易饿：饥点<br/>多尿：膀胱、尿道<br/>皮肤瘙痒：相应部位、过敏区<br/>四肢麻木：相应部位、枕小神经点、耳大神经点<br/>【说明】<br/>1、诊断及治疗糖尿病均以左耳为主，刺激点以三点为要穴：糖尿病点、耳中和三焦。禁忌交感穴，交感穴可抑制胰岛素分泌，对糖尿病无利。<br/>2、在治疗糖尿病过程中，需控制饮食，辅助少量降糖药物。若依赖胰岛素治疗的患者，需待治疗过程中自觉症状缓解、控制血糖下降或接近正常者，方可适当减少剂量。'),(138,'尿崩症','尿崩症是指血管加压素（又称抗利尿激素）分泌不足，或肾脏对血管加压素反应缺陷而引起的一组症群，其特点是多尿、烦渴、低比重尿和低渗尿。但部分病例可无明显病因，尿崩症可发生于任何年龄，而以青年多见。中医认为尿崩症属“消渴”范畴，主要由于身体素虚，五脏柔弱，阴虚燥热，情志失调，过于疲劳等情况发病。',10,'<br/>取穴：<br/>脑垂体、丘脑、内分泌、渴点、口、膀胱、尿道、三焦'),(139,'甲状腺功能亢进','甲状腺功能亢进症（简称“甲亢”），是由于甲状腺合成释放过多的甲状腺激素，造成机体代谢亢进和交感神经兴奋，引起心悸、出汗、进食和便次增多，体重减少的病症。多数患者还常常同时有突眼、眼睑水肿、视力减退等症状。中医学称为“瘿”病，为情志郁结，痰气郁结化火，火热内炎，则出现心肝火旺，而三者壅结于颈前肿大成瘿。',10,'<br/>主穴：<br/>甲状腺、内分泌、丘脑、脑垂体、神经系统皮质下、肾、肝、心、神门、枕、耳尖<br/>配穴：<br/>心动过速、心律失常者：降率穴、小肠<br/>紧张、烦躁、易怒、失眠者：身心穴、神经衰弱点、快活点<br/>四肢乏力者：脾、口<br/>性功能减退：子宫（男：内生殖器）、促性腺激素点<br/>【说明】<br/>1、快活点：与身心穴相对应的耳背处。<br/>2、本病多与情志变化有关，医者在治疗的同时应开导患者要胸怀宽广，情绪乐观。'),(140,'甲状腺功能减退','甲状腺机能减退症（简称“甲减”），系甲状腺激素合成甲状腺与分泌不足，或甲状腺激素生理效应不好而致的全身性疾病。若功能减退始于胎儿或新生儿期，称为克汀病；始于性发育前儿童称幼年型甲减；始于成人称成年型甲减。 女性甲减较男性多见，且随年龄增加，其患病率见上升。<br/>主要症状：可出现精神和身体活动迟缓，对寒冷敏感，脉搏缓慢，体重增加和皮肤粗糙，黏液性水肿，妇女会引起月经失调甚至闭经、性冷淡等。中医认为由情志郁结、气机不利，水湿不运所致。',10,'<br/>主穴：<br/>甲状腺、脑垂体、兴奋点、丘脑、内分泌、三焦、肝、肾、交感、促性腺激素点<br/>配穴：<br/>疲劳：口、脾<br/>女性闭经：子宫、卵巢<br/>【说明】<br/>1、内分泌系统疾病，有功能亢进的，也有功能低下的。临床观察，耳穴治疗内分泌功能低下的病要比腺体功能亢进的病疗效明显，比如甲状腺功能低下、肾上腺皮质功能低下、性功能低下、性冷淡。<br/>2、耳穴对内分泌各腺体不但有平衡和调整作用，而且可提高内分泌腺体功能。'),(141,'单纯性甲状腺肿','单纯性甲状腺肿是甲状腺功能正常的甲状腺肿，是以缺碘、致甲状腺肿物质或相关酶缺陷等原因所致的代偿性甲状腺肿大，不伴有明显的甲状腺功能亢进或减退，故又称非毒性甲状腺肿，其特点是散发于非地方性甲状腺肿流行区，且不伴有肿瘤和炎症，病程初期甲状腺多为弥漫性肿大，以后可发展为多结节性肿大。中医称本病为“瘿气”，可由郁怒优思等精神刺激导致气、血、痰三者壅结于颈前，以致逐渐肿大为“瘿”。',10,'<br/>主穴：<br/>甲状腺、内分泌、脑垂体<br/>配穴：<br/>三焦、肾、肝、丘脑'),(142,'高血脂症','血脂主要由胆固醇和甘油三酯构成，胆固醇又分为高密度脂蛋白胆固醇（好胆固醇）、低密度脂蛋白胆固醇（坏胆固醇）等。高血脂症是一种全身性疾病，指血中总胆固醇和甘油三酯过高或者高密度脂蛋白胆固醇过低，又称之为血脂异常或高脂血症。',10,'<br/>取穴：<br/>小肠、肝、三焦、胃、胰腺、前列腺、胆囊<br/>【说明】<br/>   患者应参加适量的体育锻炼，增加热量消耗。'),(143,'肾结石','肾结石为泌尿系统常见病，多发病，男性发病多于女性，多发生于青壮年，左右侧的发病率无明显差异。40%～75%的肾结石患者有不同程度的腰痛。结石较大，移动度很小，表现为腰部酸胀不适，或在身体活动增加时有隐痛或钝痛。较小结石引发的绞痛，常骤然发生腰腹部刀割样剧烈疼痛，呈阵发性。',11,'<br/>取穴：<br/>交感、肾、腹外（耳前与耳后对贴）、神门、下焦、三焦、神经系统皮质下、耳尖<br/>【说明】<br/>1、选穴要准确。肾结石，常在肾及腰肌区腹穴外侧出现疼痛敏感点；输尿管结石，常在输尿管、腹、下焦区处出现疼痛敏感点。<br/>2、耳穴治疗肾、输尿管结石疗效的判断，应视结石大小及形状，如结石过大，直径超过0.7厘米，结石形状为多角形，治疗效果不理想。'),(144,'输尿管结石','肾、输尿管结石，又称为上尿路结石，多发生于中壮年。肾、输尿管结石的主要症状是绞痛和血尿，常见并发症是梗阻和感染。通过病史、体检、必要的X线和化验检查，多数病例可确诊。',11,'<br/>取穴：<br/>交感、输尿管（需探测阳性反应点）、下焦、神门、神经系统皮质下、膀胱、耳尖<br/>【说明】<br/>1、选穴要准确。肾结石，常在肾及腰肌区腹穴外侧出现疼痛敏感点；输尿管结石，常在输尿管、腹、下焦区处出现疼痛敏感点。<br/>2、耳穴治疗肾、输尿管结石疗效的判断，应视结石大小及形状，如结石过大，直径超过0.7厘米，结石形状为多角形，治疗效果不理想。'),(145,'膀胱结石','膀胱结石是指在膀胱内形成的结石，分为原发性膀胱结石和继发性膀胱结石。前者是指在膀胱内形成的结石，后者则是指来源于上尿路或继发于下尿路梗阻、感染、膀胱异物或神经源性膀胱等因素而形成的膀胱结石。主要表现膀胱刺激症状：疼痛、血尿及排尿困难。可发生“尿中断”现象。',11,'<br/>取穴：<br/>交感、神门、下焦、肝、膀胱、神经系统皮质下、耳尖<br/>【说明】<br/>1、耳穴治疗尿路结石有一定作用，其效果取决于结石的位置、结石的大小、结石的形态等因素。<br/>2、除按规定治疗外，最好能趁疼痛发作时治疗，因势利导，排石机会多。<br/>3、若治疗后不时疼痛，常为排石先兆，应加紧治疗，必要时辅以体针及其他疗法。'),(146,'尿道结石','膀胱或肾结石进入尿道而未排出，形成尿道结石。常为单个，如有尿道憩室则可有多个。表现为疼痛、排尿困难及血尿。',11,'<br/>取穴：<br/>前列腺（女：内尿道）、尿道、膀胱、下焦、交感、神门、神经系统皮质下<br/>【说明】<br/>1、耳穴治疗尿路结石有一定作用，其效果取决于结石的位置、结石的大小、结石的形态等因素。<br/>2、除按规定治疗外，最好能趁疼痛发作时治疗，因势利导，排石机会多。<br/>3、若治疗后不时疼痛，常为排石先兆，应加紧治疗，必要时辅以体针及其它疗法。'),(147,'膀胱炎','膀胱炎是膀胱壁的急、慢性炎症改变，临床表现为脓尿、血尿及尿频、尿急、尿痛等膀胱刺激症状。女性常见。',11,'<br/>主穴：<br/>膀胱、尿道、下焦、内分泌、耳尖<br/>配穴：<br/>肝、脾、过敏区、肾上腺<br/>【说明】<br/>  耳穴治疗泌尿系统感染、膀胱炎、尿道炎，能很快控制炎症发展，促进炎症吸收，使症状缓解，效果较好。'),(148,'尿道炎','尿道炎是指尿道黏膜的炎症,是一种常见的泌尿道感染，临床上可分为急性和慢性两类。多为致病菌逆行侵入尿道引起。尿道炎的分类比较复杂，范围较广。大致上可分为：非性行为所引起的尿道炎和由性行为或类似性行为所引起的尿道炎。男性常见并发症有附睾炎、前列腺炎、精囊炎等，女性并发症有子宫内膜炎、输卵管炎、盆腔炎、腹膜等。中医学属于“淋病”范畴，认为本病是肾虚湿热蕴于下焦，膀胱气化失常所致。',11,'<br/>取穴：<br/>尿道、前列腺（女：内尿道）、肝、肾上腺、下焦、内分泌、耳尖<br/>【说明】<br/>耳穴治疗泌尿系统感染、膀胱炎、尿道炎，能很快控制炎症发展，促进炎症吸收，使症状缓解，效果较好。'),(149,'遗尿症','遗尿症俗称尿床，通常指小儿在熟睡时不自主地排尿。一般至4岁时仅20%有遗尿，10岁时5%有遗尿，有少数患者遗尿症状持续到成年期。3岁以内的小儿，由于智力未发育完善，尚未形成排尿习惯，如有遗尿，视为生理性，不属病态；若2岁以上小儿遗尿，应视为病态。',11,'<br/>主穴：<br/>膀胱、尿道、耳中、脑垂体<br/>配穴：<br/>夜尿：额、兴奋点<br/>【说明】<br/>1、治疗遗尿症以提高大脑皮质兴奋性、降低激醒阈值、增强膀胱的贮尿及信息信道反射作用为主，避免用镇静穴。<br/>2、治疗时间要长，治愈后需巩固疗效。'),(150,'尿频','正常成人白天排尿4～6次，夜间0～2次，次数明显增多称尿频。尿频既可以是生理性、精神神经性的，也可以是许多疾病的症状之一。导致尿频的原因较多，包括炎症、异物、精神因素、病后体虚、寄生虫病等。中医认为本病与肾气虚弱或湿热下注有关。',11,'<br/>主穴：<br/>尿道、脑垂体、前列腺（女：内尿道）、枕<br/>配穴：<br/>炎症引起的尿频：耳尖<br/>神经紧张引起的尿频：神门、神经系统皮质下<br/>【说明】<br/>耳穴疗法对各种原因引起的尿频均有一定疗效。肾气虚弱，年老体弱者治疗时间要长，应坚持治疗。'),(151,'尿失禁','尿失禁是指膀胱括约肌失去作用，不随意的排尿或不能控制尿滴沥，为神经系统或泌尿系统病变所致。主要症状：尿液滴沥，病人不能控制排尿。中医认为肾气不固、膀胱气虚或脾气下降而病，多为虚症。',11,'<br/>取穴：<br/>膀胱、尿道、脑垂体、神经系统皮质下、枕、肝'),(152,'遗精','遗精是在没有性生活时发生射精，常见于青少年男性，一般是正常生理现象。按照遗精发生时间，分为梦遗和滑精：发生于睡眠做梦过程时叫梦遗，发生在清醒时叫滑精。一般成年未婚男子，一星期左右遗精一次，属生理现象，不能视为病态。中医认为梦遗多为肾阴亏耗，相火炽盛或下焦湿热，扰动精室而引起；滑精多由气不摄精，精关不固所致，主要为心肾虚弱，精气亏损。',11,'<br/>取穴：<br/>肾、心、肝、神门、枕、耳尖、神经衰弱区（耳前和耳后）、神经衰弱点（耳前和耳后）、神经系统皮质下<br/>【说明】<br/>1、本病多属功能性疾病，耳穴治疗同时应对患者进行解释和鼓励，消除病员顾虑，使其正确对待疾病。<br/>2、由某些器质性疾病引起本病者，须同时治疗原发病。'),(153,'阳痿、早泄','阳萎又称勃起功能障碍（国际上简称ED），是指在有性欲要求时，阴茎不能勃起或勃起不坚，或者虽然有勃起且有一定程度的硬度，但不能保持性交的足够时间，因而妨碍性交或不能完成性交。阳痿属于男性性神经衰弱症之一。本症除极少数为器质性病变引起外，绝大多数属于大脑皮层机能紊乱，或脊髓的性机能中枢功能紊乱所致。',11,'<br/>取穴：<br/>肾、肝、动情穴、兴奋点、内分泌、脑垂体、外生殖器、内生殖器（女：子宫）、促性腺激素点<br/>【说明】<br/>本病耳穴疗法疗效尚可，但亦需辅以精神疗法，为患者解除思想负担。治疗期间，患者应忌食肥甘厚味及辛辣之品，以免酿生湿热，影响治疗。'),(154,'睾丸炎、附睾丸炎','本病常并发于菌血症或流行性腮腺炎，亦可因尿道、膀胱、前列腺等附近器官感染，经输尿管蔓延所致，常见症状为睾丸处坠痛、压痛、串痛，并可伴有大腿内侧及少腹痛。中医认为本病为“子痈”，系肝、肾两经湿热下注引起。',11,'<br/>取穴：<br/>睾丸、内分泌、肝、肾、盆腔、前列腺、内生殖器（女：子宫）、外生殖器、肾上腺、耳尖<br/>【说明】<br/>睾丸炎、附睾丸炎用药物治疗效果不理想，因此处药物不易达到治疗浓度。耳穴有具体的睾丸、附睾丸穴位，刺激相应部位的阳性反应点，可使炎症消除，症状缓解。'),(155,'前列腺炎','前列腺炎是泌尿外科的常见病，在泌尿外科男性患者50岁以下中占首位，多有疼痛和排尿异常等。中医认为本病为“淋症”，多因肾因亏损，命门火衰，不能蒸化水湿，水湿流注下焦，而出现茎中涩痛，淋漓不尽等症。',11,'<br/>取穴：<br/>前列腺、尿道、盆腔、肝、肾、脾、下焦、内分泌、三焦、耳尖<br/>【说明】<br/>由于抗生素不易透过前列腺包膜，进入前列腺的抗生素浓度达不到有效的治疗浓度，因而药物治疗疗效较差。前列腺炎在耳穴上有具体的病变反应点，通过刺激这些病变反应部位，可使症状缓解、机能改善，耳穴治疗疗效可靠。'),(156,'前列腺肥大','前列腺肥大是人体在性激素平衡失调等因素作用下，引起后尿道粘膜下的中叶或倒叶的腺体结缔组织及平滑肌组织逐渐增生，而形成多发性球状结节，使尿道、膀胱和肾脏发生一系列功能紊乱的疾病。',11,'<br/>取穴：<br/>前列腺、尿道、盆腔、肾、肝、下焦、脑垂体、内分泌、三焦、促性腺激素点<br/>【说明】<br/>由于抗生素不易透过前列腺包膜，进入前列腺的抗生素浓度达不到有效的治疗浓度，因而药物治疗疗效较差。前列腺肥大在耳穴上有具体的病变反应点，通过刺激这些病变反应部位，可使症状缓解、机能改善，耳穴治疗疗效可靠。'),(158,'支气管炎','支气管炎是临床上较为多见的呼吸系统疾病，症状以咳嗽、咳痰为主，在中医学中属“咳嗽”范畴。支气管炎分为急、慢性两种，急性支气管炎常常是由于上呼吸道感染，或受物理、化学刺激，以及过敏等因素，引起气管和支气管粘膜的急性炎症。慢性支气管炎可由急性支气管炎反复发作、气候影响、或有遗传因素引起。急性支气管炎多起病急、病程短，属“外感咳嗽”。慢性支气管炎常反复发作，导致脏腑功能失调，属“内伤咳嗽”。',12,'<br/>取穴：<br/>耳尖、气管、支气管、平喘、肺、脾、交感<br/>【说明】<br/>病情重、发烧较高时，耳穴治疗效果不明显者，应及时给予中、西医药物治疗，以免延误病情。'),(159,'支气管哮喘','支气管哮喘是常见的呼吸系统疾病，为一种反复发作的过敏性疾病。多是由于呼吸系统受到外界寒冷空气、花粉、灰尘等刺激，或食入鱼虾等食物过敏，引起细支气管痉挛、粘膜充血、水肿、继之分泌物增加，临床主要表现为呼吸急促、咳嗽、咳吐泡沫痰和肺部伴有哮鸣音。属于中医学的“哮证”、“喘证”、“痰饮”范畴。',12,'<br/>取穴：<br/>支气管、气管、肺、胸、平喘、交感、肾上腺、过敏区、内分泌、耳尖<br/>【说明】<br/>1、哮喘发作严重时，或呈哮喘持续状态，应及时配合药物治疗，以免延误病情。<br/>2、过敏体质者，应避免接触致敏原和进食引发过敏食物。平时要注意休息，避免过劳。'),(161,'感冒','感冒是由病毒细菌感染所致，由于机体正气不足，风寒或风热乘虚而入，或因四时之气，感受暴寒所引起。以头痛、鼻塞、流涕、喷嚏、恶寒发热等为主要表现的外感病，分“普通感冒”和“流行性感冒”。普通感冒也称“上呼吸道感染”，祖国医学称“伤风”，是由多种病毒引起的一种呼吸道常见病，多发于初冬，但任何季节，如春天、夏天也可发生，不同季节感冒的致病病毒并非完全一样。流行性感冒，是由流感病毒引起的急性呼吸道传染病。病毒存在于病人的呼吸道中，在病人咳嗽、打喷嚏时经飞沫传染给别人。<br/>',12,'<br/>主穴：<br/>耳尖、肺、內鼻、咽、喉<br/>配穴：<br/>头痛：相应部位<br/>头晕：枕、晕区<br/>咳嗽：气管、支气管、平喘'),(162,'胸痛、胸闷、气短','胸闷气短是一种主观感觉，即呼吸费力或气不够用。轻者若无其事，重者则觉得难受，似乎被石头压住胸膛，甚至发生呼吸困难并引起胸闷气短。胸闷气短的原因分两种情况，一种是功能性胸闷气短，另一种是由心脏神经官能症造成。功能性胸闷是指在门窗密闭、空气不流通的房间内逗留较长时间，或遇到某些不愉快的事情，甚至与别人发生口角、争执，或处于气压偏低的气候中，往往会产生胸闷、疲劳的感觉；心脏神经官能症是全身神经官能症的一种，其症状表现是多种多样的，最普通的自觉症状是心悸、呼吸不畅、心前区疼痛和全身乏力等，还有容易激动、失眠、多汗、发抖、眩晕、多梦等表现。',12,'<br/>取穴：<br/>交感、胸、心血管系统皮质下'),(163,'支气管扩张','支气管扩张是由于支气管及其周围肺组织慢性化脓性炎症和纤维化，使支气管壁的肌肉和弹性组织破坏，导致支气管变形及持久扩张。典型的症状有慢性咳嗽、咳大量脓痰和反复咯血。主要致病因素为支气管感染、阻塞和牵拉，部分有先天遗传因素。患者多有麻疹、百日咳或支气管肺炎等病史。中医学中属“咳嗽”、“喘证”等范畴。',12,'<br/>取穴：<br/>支气管、肺、胸、平喘、过敏区、交感、肾上腺、脾'),(164,'月经不调','月经是由于受垂体前叶及卵巢内分泌调节而呈现有规律之子宫内膜周期性变化。如垂体前叶或卵巢功能失调会引起月经周期、血量、血色和经质的异常，产生月经不调。月经不调包括月经先期、月经后期及月经先后无定期。月经周期提前或错后7天以上者，方称之月经不调。外界因素的寒热、湿邪侵袭及内在因素如精神情绪上的过度紧张、过食寒凉食物和辛辣刺激食物或慢性疾病造成的体质虚弱、气血两虚均可引起月经不调。中医学认为月经不调与肾、肝、脾之经气有关。',13,'<br/>取穴：<br/>子宫、卵巢、脑垂体、内分泌、肾、肝、脾、促性腺激素点<br/>【说明】<br/>耳穴治疗月经不调效果明显，一般治疗3个疗程，若治疗后3个月，经期正常可停诊。'),(165,'痛经','痛经为最常见的妇科症状之一，指行经前后或月经期出现下腹部疼痛、坠胀，伴有腰酸或其他不适，症状严重影响生活质量者。痛经分为原发性痛经和继发性两类，原发性痛经指生殖器官无器质性病变的痛经，占痛经90%以上；继发性痛经指由盆腔器质性疾病引起的痛经。痛经发病有情志所伤，起居不慎或六淫为害等不同病因，并与素体及经期、经期前后特殊的生理环境有关。其发病机理是在上述期间受到致病因素的影响，气血运行不畅，冲任胞脉受阻，月经排出困难，不通则痛。导致痛经发生的原因有气滞血瘀、寒湿凝滞、气血虚弱或因肝肾亏损，冲任胞脉失养等。',13,'<br/>取穴：<br/>子宫、盆腔、肝、肾、交感、卵巢、内分泌、脑垂体、下焦、宫颈、耳尖<br/>【说明】<br/>治疗痛经一般在行经期之前，一般连续治疗2个月可获得良好效果。判断疗效，一般要观察3个月以上。'),(166,'月经过少、闭经','闭经可分为原发性和继发性，生理性和病理性闭经。原发性闭经指年龄>14岁，第二性征未发育；或者年龄>16岁，第二性征已发育，月经还未来潮。继发性闭经指正常月经周期建立后，月经停止6个月以上，或按自身原有月经周期停止3个周期以上｡生理性闭经是指妊娠期、哺乳期和绝经期后的无月经。病理性闭经是直接或间接由中枢神经-下丘脑-垂体-卵巢轴以及靶器官－子宫的各个环节的功能性或器质性病变引起的闭经。病因多样：可因子宫卵巢发育异常，内分泌功能紊乱、障碍、卵巢激素缺乏，丘脑、垂体或甲状腺功能缺陷，糖尿病，神经、精神障碍，抑郁症，神经性食欲缺乏或其他慢性病，如营养不良、贫血以及环境改变。原发性闭经亦可由于先天性缺陷所致，如特纳综合症。中医称本病为“不月”，月事不来、经脉不通、血闭等。 ',13,'<br/>取穴：<br/>子宫、卵巢、兴奋点、脑垂体、内分泌、肾、肝、脾、交感、促性腺激素点、心血管系统皮质下、神经系统皮质下<br/>【说明】<br/>耳穴治疗继发性闭经效果理想。治疗后来潮者尚需继续治疗，待疗效巩固，月经按正常周期来潮后可停诊。'),(167,'月经过多、功能性子宫出血','功能性子宫出血，简称功血，是一种常见的妇科疾病，是指异常的子宫出血，经诊查后未发现有全身及生殖器官器质性病变，而是由于神经内分泌系统功能失调所致。表现为月经周期不规律、经量过多、经期延长或不规则出血。功能性子宫出血中医属于“崩漏”范畴，崩漏的发生是由于冲任二脉不能制约经血所致。引起冲任损伤的原因，以血热、血瘀、脾虚三型多见。',13,'<br/>取穴：<br/>子宫、脾、膈、卵巢、脑垂体、内分泌、肝、肾、肾上腺 <br/>【说明】<br/>耳穴治疗刺激手法要强。治疗时间要长，需持续2~3个月以观察周期变化，判断疗效。'),(168,'宫颈炎','宫颈炎是妇科常见疾病之一，分为急性和慢性两种，临床上后者尤为多见。本病常继发于分娩、流产或子宫颈外伤之后，病因可能与局部损伤和内分泌有关，症状为白带增多、粘稠、时为脓性，多伴有腰酸腹痛、坠胀感，每于经期或性生活后加重，局部可见子宫颈糜烂，黏膜增厚、充血、息肉，肥大或腺体囊肿等各种改变，本病除影响妇女健康外，还与子宫颈癌的发生有一定的关系，故应特别予以注意。中医认为本病与肝郁气滞或湿热下注等因素有关，属“带症”范畴。',13,'<br/>取穴：<br/>耳尖、宫颈、肝、脾、肾、三焦、下焦、内分泌<br/>【说明】<br/>子宫颈炎治疗时要明确诊断，与子宫颈糜烂及子宫颈癌区别。'),(169,'子宫内膜炎','本病是在分娩、流产后或在其他情况下，细菌进入子宫腔内引起的子宫内膜炎症。可能产生溃疡及黏膜脱落，临床表现为月经过多，以及腰、下腹部疼痛，白带等。急性子宫内膜炎往往有子宫肌炎，常有的致病菌有链球菌、葡萄球菌和大肠杆菌，其症状随致病菌的类别和体质强弱而异，常有下腹痛、畏寒、发热，并有脓、血性或伴有臭味的阴道排出液。',13,'<br/>取穴：<br/>子宫、宫颈、肝、肾、卵巢、脑垂体、丘脑、内分泌、三焦、耳尖<br/>【说明】<br/>子宫内膜炎需与子宫内膜异位症相鉴别。子宫内膜异位症取穴同子宫内膜炎。'),(170,'输卵管炎','输卵管炎症通常是指妇女的输卵管发生了炎症，常有下腹部疼痛、月经异常、痛经等现象。输卵管炎症可能会使输卵管壁粘连、充血、水肿而阻塞，从而导致不孕不育症。急性输卵管炎时下腹部有剧烈疼痛、高热、白带增多，常可误诊为阑尾炎。慢性输卵管炎时有下腹痛、腰痛，尤其排卵期痛、月经期痛及不孕。中医属于“症瘕”范畴。',13,'<br/>取穴：<br/>输卵管、下焦、肝、三焦、内分泌、耳尖'),(171,'卵巢炎','卵巢表面或内部的炎症。卵巢炎经常由输卵管或盆腔感染引起，主要临床表现下腹痛，患侧痛、经期痛及排卵期痛明显。',13,'<br/>取穴：<br/>卵巢、内分泌、肾上腺、肝、下焦<br/>【说明】<br/>卵巢炎应与卵巢囊肿相鉴别。卵巢囊肿应予以手术切除为宜。'),(172,'附件炎','附件炎是子宫周围临近的组织发炎，子宫附件包括输卵管、卵巢及韧带组织。主要症状为小腹部坠痛，可为一侧或双侧，在经期前及排卵期疼痛明显。',13,'<br/>取穴：<br/>附件、下焦、肝、肾、三焦、内分泌、耳尖'),(173,'带症','正常阴道可有少许黏液性或白色液状分泌物，以滋润生殖器官上皮，称为“白带”，属生理性。若阴道分泌物比正常时增多，绵绵不断，或性状异常，出现黄色、赤白色、脓性或有恶臭味者，称为“带症”。临床上常与生殖器感染如阴道炎、宫颈炎、宫颈糜烂、子宫内膜炎、癌症或身体虚弱有关。主要症状为阴道分泌物增多、腰酸乏力。恶性肿瘤患者中晚期主要症状为带症色黄或带有出血、恶臭等，应引起注意。中医称为“带下”，因气血亏损或湿热下注至带脉失约，冲任失调而发病。常分两型：气血亏损型：多伴有头晕、肢倦、带下、色白、稀薄<br/>湿热下注型：多伴有心烦、口干、带下、色黄或赤。',13,'<br/>取穴：<br/>子宫、宫颈、肝、脾、肾、内分泌、三焦、下焦、肾上腺、盆腔、耳尖<br/>【说明】<br/>耳穴治疗带症，周期较长，常在月经间期治疗，一般需观察2~3个月，方能判断疗效。'),(174,'盆腔炎','盆腔炎即盆腔炎症，是指女性盆腔生殖器官、子宫周围的结缔组织及盆腔腹膜的炎症。根据发病过程和临床表现，可分为急性和慢性盆腔炎两大类，前者多由于生殖器官手术消毒不严或不注意经期卫生，病原体侵入生殖器感染而致；后者往往由于急性盆腔炎治疗不及时、不彻底，炎症迁延所致。急性盆腔炎常有寒战、高热、头痛、精神不振、食欲差，以及下腹疼痛，白带增多等表现；慢性盆腔炎患者表现为腰骶部疼痛或下腹部疼痛，劳累后加重，并伴白带增多，月经周期紊乱，血量增多等症状。本病中医属“症瘕”、“带下”等范畴，多因肝肾虚弱、正气不足、病邪乘虚而入，湿热淤毒潴留下焦而发病。日久则气血瘀滞，脉络失和，甚则结成瘀块。',13,'<br/>取穴：<br/>耳尖、盆腔、内分泌、三焦、下焦、肝、肾'),(175,'更年期综合症','更年期综合症是指妇女在绝经前后出现的一系列症状，多见于45~55岁的妇女，因生理改变而涉及内分泌紊乱，月经来潮时间不准，出血量多少不等，由于自主神经受影响而出现头晕、耳鸣、心悸、失眠、烦躁易怒、面部潮红、五心烦热、汗出或浮肿便溏、腰酸无力，甚至情志异常，如忧郁孤僻，多疑妄想，严重时颇似神经分裂症。现代医学认为本病多因卵巢功能减退，引起内分泌功能紊乱，自主神经失调而出现上述诸症。',13,'<br/>取穴：<br/>子宫、内分泌、卵巢、脑垂体、交感、身心穴、促性腺激素点、肾、肝、心<br/>【说明】<br/>1、更年期综合症症状复杂，治疗时应根据临床病症取穴。<br/>2、治疗时不宜选用强刺激手法，一般以贴压物贴到穴位而宜，不宜重按。'),(176,'子宫脱垂','子宫脱垂是指子宫从正常位置沿阴道下降，宫颈外口达坐骨棘水平以下，甚至子宫全部脱出于阴道口以外。中医称本病为“阴挺”，常由于生育过多，体质虚弱，中气不足或肾气亏损，带脉失约，冲任不固，胞络松弛无力，气虚下降而不能受摄所致。',13,'<br/>取穴：<br/>子宫、下焦、肾、肝、脾、脑垂体、内分泌<br/>【说明】<br/>耳穴治疗时，患者若早、中、晚3次做收腹提气锻炼，效果更明显。'),(177,'缺乳','缺乳系指产后乳汁分泌量减少，不能满足婴儿需要而言。其原因除少数是乳房发育不全外，多数常与产母体弱、营养差、自主神经功能紊乱特别是精神刺激或情志不畅、补乳方法不当等有关。临床表现：产后48小时后乳房无膨胀感，乳汁很少流出。若体弱，乳房无膨胀痛者，属气血不足；若体健，乳房胀痛者，属肝气郁结。中医认为：妇人乳汁，乃冲任二脉气血所化。故产后退乳、乳少，多由气血不足，冲任二脉气虚所致。而情志郁结不舒，气机不能畅通亦可致“乳脉”不行。前者因气血不足以致乳少，属虚；后者因肝气郁滞引起乳汁运行不畅，属实。',13,'<br/>取穴：<br/>乳腺、脑垂体、内分泌、丘脑、肝、肾、神经系统皮质下'),(178,'妊娠呕吐','妊娠呕吐是指妇女怀孕后2~3个月出现恶心、呕吐、不能进食等症状。其发病原因，主要和精神、神经和内分泌因素有关。中医称为“恶阻”，是受孕后月经停闭，血海不泄。血中浊气挟肝胃之火上逆，或痰湿中阻，以致胃失和降而引起。',13,'<br/>取穴：<br/>贲门、肝、胃、神经系统皮质下、神门、枕'),(179,'乳腺小叶增生','乳腺小叶增生是乳腺增生性疾病中最为常见的一种非肿瘤、非炎症性的增生性病变，均占乳房疾病中的70%左右，可发生于青春期以后的任何年龄的妇女。临床表现为一侧或两侧乳房内有多个大小不等、圆形、质韧结节。引起乳腺小叶增生的原因很多，但主要与内分泌失调或精神情志有密切关系。例如情绪不稳定、心情不舒畅、过度劳累、性生活不和谐、生活环境变迁，或者过食含有激素的滋补品和长期使用含有激素成分的化妆品等等，均可影响人体内雌孕激素分泌的比例失调或分泌节律紊乱而引起乳腺组织增生。中医属“乳癖”范畴。',13,'<br/>取穴：<br/>乳腺、胸、脑垂体、卵巢、内分泌、三焦、肝<br/>【说明】<br/>本病须与乳腺癌鉴别，明确诊断，予以治疗。'),(180,'乳腺炎','乳腺炎是乳腺组织急性化脓性炎症，由细菌侵入乳腺和乳腺管组织而引起的乳房感染。多发生于产后哺育期，由哺乳期间乳头破裂或乳汁排出不畅而引起。本症以乳房红肿疼痛为主症，初起乳房肿块、触痛，排乳困难，全身可有发热、发冷不适，患侧腋下淋巴结肿大。中医学称本病为“乳痈”，多因胃经蕴热，湿热互结或肝气郁结、气质血凝，以致乳络不通，结肿成痈，或因喂奶时乳头被婴儿吮破，细菌乘机而入，加之排乳不畅，形成乳汁瘀滞，细菌大量繁殖而发病。',13,'<br/>取穴：<br/>乳腺、胸、肝、枕、过敏区、内分泌、肾上腺、耳尖'),(181,'不孕症','引起不孕的发病原因分为男性不孕和女性不孕，首要的病因诊断依次是：排卵障碍、精液异常、输卵管异常、不明原因的不孕、子宫内膜异位症和其他如免疫学不孕。另外因素是宫颈因素，包括占所有宫颈因素超过5%的宫颈狭窄。女性不孕主要以排卵障碍，输卵管因素，子宫内膜容受性异常为主，男性不孕主要是生精异常及排精障碍。',13,'<br/>主穴：<br/>子宫、肾、肝、内分泌、下焦、卵巢、促性腺激素点、丘脑、脑垂体、耳尖<br/>配穴：<br/>由输卵管炎、狭窄或不通引起的：输卵管<br/>由宫颈炎症引起的：宫颈、脾<br/>由卵巢囊肿引起的：肾上腺'),(182,'子宫肌瘤','子宫肌瘤是妇女常见良性肿瘤。多见于30~50岁的妇女。主要是由于子宫平滑肌细胞增生所致。临床主要症状有子宫出血、腹部包块、疼痛、白带增多、不孕、流产、贫血、红细胞增多、低血糖以及尿频、尿急等。本病中医属于“癥瘕”范畴。',13,'<br/>主穴：<br/>子宫、内分泌、卵巢、脑垂体、肝<br/>配穴：<br/>出血者、贫血者：脾、肾上腺、膈<br/>尿频、尿急：膀胱、尿道、神门、枕<br/>便秘：大肠、乙状结肠、肺'),(183,'预防感冒','耳穴压贴治疗可提高机体防御功能，对反复发作性和持续性感冒有较好疗效，特别是某些对抗细菌、抗病毒药物过敏者，而无其它更好的治疗办法时，可考虑采用耳穴治疗。耳穴对妊娠期间易感冒者，在不合适用抗生素、抗病毒的情况下，可用此法治疗，避免药物对胎儿发育的不良影响。',14,'<br/>取穴：<br/>耳尖、内分泌、过敏区、肾上腺、肺、脾'),(184,'预防晕车、晕船、晕机','晕车、晕船、晕机属于运动病，是在乘坐火车、汽车、轮船或飞机时常发生的一种病症，表现为恶心、呕吐、面色苍白、出冷汗、疲倦不适等，其发生机理是某种运动影响半规管的结果。中医学认为发病可能与脾胃虚及汽油等异味过敏有关。属“眩晕”、“呕吐”范畴。患者可于乘车、船、飞机前30~60分钟治疗，并在旅途中经常按压，以加强刺激，保持疗效。',14,'<br/>取穴：<br/>贲门、胃、枕、晕区、内耳、交感、神经系统皮质下、过敏区（对汽油等异味过敏者）'),(185,'戒烟','耳穴压贴可使戒烟者吸烟量减少，戒烟失败者，往往是意志薄弱或无戒烟欲望。',14,'<br/>取穴：<br/>肺、口、神门、交感、神经系统皮质下、身心穴'),(186,'戒酒','嗜酒成瘾者应当坚决戒酒，尤其是对肝肾疾病、胃酸过多、胃和十二指肠溃疡、免疫功能低下、心血管疾患、糖尿病、痛风、老年痴呆、肥胖等疾病患者更应尽早戒酒。',14,'<br/>取穴：<br/>交感、神门、醉点、肝、神经系统皮质下、身心穴'),(187,'竞技综合征','竞技综合征是指在竞技比赛、考试前或竞技过程中考生出现失眠、头痛、头晕、心悸、烦躁、口干、食欲不振、恶心、呕吐、腹泻、便秘、痛经或月经紊乱、手指震颤、小腿痉挛，甚至昏厥等症状。原因是考生思想压力太大，精神负担过重、情绪高度紧张，大脑细胞高度兴奋超过了它的活动能力而过度疲劳，导致植物神经功能紊乱所致。预防竞技综合征，一般可在竞技前1~3天用耳穴压贴法处理，不但可以减少考生的紧张状态，预防一系列症状出现，而且可以清醒大脑，增强记忆。',14,'<br/>主穴：<br/>耳尖、神门、交感、心、肾、身心穴、神经系统皮质下<br/>配穴：<br/>头痛、头晕：晕区、枕<br/>失眠：神经衰弱点、神经衰弱区<br/>食欲不振：口、脾<br/>恶心、呕吐：贲门<br/>腹泻、便秘：大肠、脾<br/>记忆力减退：额、脑后沟、聪明穴<br/>【说明】<br/>脑后沟：在对耳屏的耳背部。<br/>聪明穴：与额相对应的耳背处。'),(188,'抗衰老','中医认为“肾为先天之本”、“肾藏精”、“肾开窍于耳”、“肾主骨生髓”；“心主血”、“心藏神”，心是人体生命活动的主宰；“肺主气”，气有呼吸之气和人身之“真气”，肺朝百脉，助心行血；“脾胃后天之本”；内分泌系统与人体生长发育和生理功能有密切联系；额、神经系统皮质下是健脑要穴，经常刺激可增强思维、提高记忆，通过大脑皮质，调节中枢神经及周围神经系统，维持人体的正常机能，保持神经系统健康、防止早衰。',14,'<br/>主穴：<br/>肾、心、肺、脾、内分泌、额、神经系统皮质下、促性腺激素点<br/>配穴：<br/>脑、脑垂体、心血管系统皮质下、耳廓按摩'),(189,'老年斑','老年斑是一种临床最常见的良性皮肤肿瘤，好发于中老年人，是因为角质形成细胞增生所致的表皮良性增生。老年斑好发于面头部、背部及手背等部位。',14,'<br/>主穴：<br/>相应部位、脑垂体、内分泌、三焦、肾、肝、肺<br/>配穴：<br/>丘脑、促性腺激素点、交感'),(190,'助听','助听',15,'<br/>取穴：<br/>速听点（肘）、三焦、内耳、外耳、交感、肾、胆囊、目1、颞'),(191,'补肾','补肾',15,'<br/>取穴：<br/>肾、肝、心、内分泌、脑垂体、丘脑、肾上腺'),(192,'补血','补血',15,'<br/>取穴：<br/>脾、胃、肾、三焦、心、肾上腺、血液点、内分泌'),(193,'健脑','健脑',15,'<br/>取穴：<br/>脑、丘脑、脑垂体、额、肾、心、聪明穴、神经系统皮质下、脑后沟<br/>【说明】<br/>聪明穴：与额相对应的耳背部。<br/>脑后沟：对耳屏的耳背处。'),(194,'活血','活血',15,'<br/>取穴：<br/>心、肝、热穴、肺、心血管系统皮质下、交感、耳大神经点、枕小神经点、相应部位'),(197,'抗过敏','抗过敏',15,'<br/>主穴：<br/>过敏区、内分泌、肾上腺、耳尖、脾<br/>配穴：<br/>皮肤过敏：肝、肺、大肠<br/>鼻子过敏：内鼻、咽、喉、肺、大肠<br/>支气管哮喘：支气管、交感、肾上腺、平喘、胸<br/>肠道过敏：交感、胃、大肠、小肠'),(198,'抗风湿','抗风湿',15,'<br/>取穴：<br/>相应部位、耳尖、过敏区、内分泌、肾上腺、肾、肝、脾、三焦'),(199,'健脾助运','健脾助运',15,'<br/>取穴：<br/>脾、胃、口、胰腺、内分泌、消化系统皮质下、小肠'),(200,'理气消胀','理气消胀',15,'<br/>取穴：<br/>肝、胃、脾、肺、胆囊、三焦、腹胀区、大肠、消化系统皮质下'),(202,'调整内分泌功能','调整内分泌功能',15,'<br/>取穴：<br/>内分泌、脑垂体、丘脑、肝、肾、促性腺激素点、相应部位'),(203,'提高免疫力','提高免疫力',15,'<br/>取穴：<br/>过敏区、内分泌、肾上腺、脾、肝、耳尖'),(204,'丹毒','丹毒是一种累及真皮浅层淋巴管的感染，主要致病菌为A组β溶血性链球菌。诱发因素为手术伤口或鼻孔、外耳道、耳垂下方、肛门、阴茎和趾间的裂隙。皮肤的任何炎症，尤其是有皲裂或溃疡的炎症为致病菌提供了侵入的途径。轻度擦伤或搔抓、头部以外损伤、不清洁的脐带结扎、预防接种和慢性小腿溃疡均可能导致此病。致病菌可潜伏于淋巴管内，引起复发。好发于下肢，其次为面部。根据其发病时局部红、肿、热、痛，色如赤丹，界限分明的特点，属中医学“流火”、“抱头火丹”等症的范畴。',7,'<br/>主穴：<br/>相应部位、耳尖、肺、脾、内分泌、肾上腺<br/>配穴：<br/>神门、枕<br/> 【说明】<br/>如全身中毒严重，应配合抗生素治疗。'),(205,'淋巴结炎','急性淋巴结炎多数继发于其他化脓性感染病源，由于化脓菌侵犯淋巴结所引起的局部淋巴结肿大，疼痛和压痛，初期尚可推动，到后期多个淋巴结粘连成硬块而不易推动，使表面皮肤红肿，压痛明显，严重时常有畏寒、发热、头痛等全身症状。如处理不及时可形成脓肿。慢性淋巴结炎常因急性淋巴结炎治疗不彻底，原发灶未解除或机体抵抗力差演变而来。',7,'<br/>取穴：<br/>相应部位、三焦、过敏区、肾上腺、内分泌、肝、脾、耳尖<br/>【说明】<br/>必要时应中、西医结合治疗，不可延误病情。'),(206,'皮肤瘙痒症','皮肤瘙痒症系指临床上无原发损害，且以瘙痒为主的感觉功能异常性皮肤病。根据皮肤瘙痒的范围及部位，一般分为全身性和局限性两大类。全身性瘙痒症常为许多全身性疾病的伴发或首发症状，如尿毒症、胆汁性肝硬化、甲状腺功能亢进或减退、糖尿病、恶性肿瘤及神经精神性瘙痒等。全身性瘙痒症的外因与环境因素（包括湿度、季节、工作环境中的生物或化学物质刺激）、外用药物、用碱性强的肥皂以及患者皮肤的皮脂腺与汗腺分泌功能减退致皮肤干燥等有关；局限性瘙痒症的病因有时与全身性瘙痒相同，如糖尿病。肛门瘙痒症多与蛲虫病、痔核、肛瘘等有关。女阴瘙痒症多与白带、阴道滴虫病、阴道真菌病、淋病及宫颈癌有关。阴囊瘙痒症常与局部皮温高、多汗、摩擦、真菌感染有关。本病与祖国医学文献中记载的“痒风”相类似，多因风湿郁瘀于皮肤所致。',9,'<br/>取穴：<br/>神门、枕、肝、脾、肺、大肠、内分泌、膈、过敏区、耳尖<br/>【说明】<br/>1、肛门瘙痒：肛门<br/>2、外阴瘙痒：外生殖器<br/>3、治疗应明确病因。如糖尿病性瘙痒，可加胰、胆穴，糖尿病点；黄疸型肝炎引起的瘙痒，可加肝、胆、耳中穴；老年人皮肤瘙痒可加心穴、神经系统皮质下。'),(207,'低血糖症','低血糖是指成年人空腹血糖浓度低于2.8mmol/L。糖尿病患者血糖值≤3.9 mmol/L，即可诊断低血糖。低血糖症是一组多种病因引起的以静脉血浆葡萄糖（简称血糖）浓度过低，临床上以交感神经兴奋和脑细胞缺氧为主要特点的综合征。低血糖的症状通常表现为出汗、饥饿、心慌、颤抖、面色苍白等，严重者还可出现精神不集中、躁动、易怒甚至昏迷等。',10,'<br/>取穴：<br/>胰腺、糖尿病点、脑垂体、内分泌、丘脑、交感、十二指肠、消化系统皮质下'),(208,'慢性肾炎','慢性肾炎系指蛋白尿、血尿、高血压、水肿为基本临床表现，起病方式各有不同，病情迁延，病变缓慢进展，可有不同程度的肾功能减退，具有肾功能恶化倾向和发展为慢性肾衰竭的一组肾小球疾病。仅有少数慢性肾炎是由急性肾炎发展所致，大部分慢性肾炎的发病机制是免疫介导炎症。中医认为肾炎的主要病变在肺、脾、肾，其中以肾为根本。',11,'<br/>取穴：<br/>肾、肾炎点、内分泌、肾上腺、交感、脾、三焦、过敏区、心血管系统皮质下、耳尖<br/>【说明】<br/>1、耳穴疗法治疗慢性肾小球肾炎，在控制症状方面有一定疗效，但不易根治。<br/>2、患者应注意饮食宜忌，如忌高盐饮食，预防感冒等，以防反复感染，加重病情。'),(209,'肾盂肾炎','肾盂肾炎为尿路感染的常见病。由致病菌感染直接引起的肾盂、肾盏和肾实质的炎症。尿路感染包括上尿路感染（肾盂肾炎）与下尿路感染（尿道炎、膀胱炎），后者可单独存在，肾盂肾炎一般都伴有下尿路感染。肾盂肾炎分为急性肾盂肾炎和慢性肾盂肾炎两种类型。前者主要表现为发热、尿频、尿急、尿痛及腰背疼痛等，后者症状一般较轻，可由急性肾盂肾炎迁延而来；或急性肾盂肾炎虽然得到控制，但经反复发作演变而来。中医学属于“淋症”、“癃闭”等范畴。',11,'<br/>取穴：<br/>肾、膀胱、尿道、脾、三焦、肾上腺、内分泌、过敏区、耳尖<br/>【说明】<br/>耳穴治疗慢性肾盂肾炎，治疗时间稍长，一般需要1~3个疗程，以提高肾功能和机体免疫功能。'),(210,'减肥（针对单纯性肥胖）','中医认为肥胖是阴阳失去平衡，经络和脏腑功能失常所致，有“肥人多痰，瘦人多火”之说，本病多由脾虚、痰湿阻滞、阳气不足及体内脂肪水液过剩所致。一般把肥胖度超过正常20%以上，肥胖由非特殊疾病引起者，称为单纯性肥胖。<br/>注意：（1）耳穴减肥治疗时间要长，一般1~3个月；（2）耳穴减肥只适用于体重超过标准体重20%以上的肥胖病，不适用于体重在标准体重以下的患者，以免造成营养不良所致的“神经性厌食症”。',14,'<br/>主穴：<br/>内分泌、脑垂体、兴奋点、额、丘脑、饥点、肾、大肠、三焦、肺、相应部位<br/>配穴：<br/>女性月经不调：子宫、卵巢<br/>便秘：肺<br/>【说明】<br/> 耳穴治疗期间应自觉限制饮食，按身体代谢需要摄入足够的蛋白质，减少糖、脂肪和碳水化合物的摄入；积极参加体育锻炼和体力劳动。'),(211,'流行性腮腺炎','流行性腮腺炎简称流腮，俗称痄腮。四季均有流行，以冬、春季常见。是儿童和青少年期常见的呼吸道传染病。它是由腮腺炎病毒引起的急性、全身性感染，以腮腺肿痛为主要特征，有时亦可累及其他唾液腺。常见的幷发症为病毒脑炎、睾丸炎、胰腺炎及卵巢炎。病人是传染源，通过直接接触、飞沫、唾液的吸入为主要传播途径。接触病人后2～3周发病。流行性腮腺炎前驱症状较轻，主要表现为一侧或两侧以耳垂为中心，向前、后、下肿大，肿大的腮腺常呈半球形、边缘不清，表面发热，有触痛。7至10天消退。本病目前尚缺乏特效药物，抗生素治疗无效。一般预后良好。',14,'<br/>取穴：<br/>下颌、过敏区、腮腺、内分泌、肾上腺、耳尖'),(212,'强心','强心',15,'<br/>取穴：<br/>心、胸、脑垂体、内分泌、交感、肾上腺、心血管系统皮质下'),(213,'利尿','利尿',15,'<br/>取穴：<br/>肾、脾、肺、三焦、腹水点、内分泌、相应部位'),(214,'明目','明目',15,'<br/>取穴：<br/>肾、肝、目2、眼、交感、枕、耳尖'),(215,'鼻通','鼻通',15,'<br/>取穴：<br/>肺、内鼻、肾上腺、外耳、鼻咽、耳尖'),(216,'美容','美容',15,'<br/>取穴：<br/>三焦、面颊区、肺、内分泌、肾、脑垂体、肝、丘脑'),(217,'退烧','退烧',15,'<br/>取穴：<br/>耳尖、屏尖、肾上腺、丘脑、脑干、交感、内分泌、肺、相应部位'),(218,'健肝血','健肝血',15,'<br/>取穴：<br/>肝、肾、三焦、内分泌、脾、消化系统皮质下、耳中'),(219,'止咳','止咳',15,'<br/>取穴：<br/>气管、支气管、肺、神门、枕、平喘、肾上腺、内分泌、耳尖'),(220,'止血','止血',15,'<br/>主穴：<br/>脑垂体、肾上腺、脾、膈、相应部位<br/>配穴：<br/>功能性子宫出血：子宫、卵巢、肝、肾<br/>十二指肠溃疡出血：胃、十二指肠<br/>痔疮出血：肛门<br/>鼻出血：内鼻、肺'),(221,'止惊','止惊',15,'<br/>取穴：<br/>神门、枕、耳尖、神经系统皮质下、枕小神经点、肝、脑、脑干'),(222,'止痒','止痒',15,'<br/>取穴：<br/>过敏区、神门、枕、神经系统皮质下、肺、膈、脾、肝、耳尖'),(223,'止遗','止遗',15,'<br/>主穴：<br/>尿道、膀胱、脑垂体、肝、兴奋点、耳中<br/>配穴：<br/>老人遗尿：枕<br/>外伤引起的遗尿：腰椎区、骶椎区'),(224,'调整植物神经功能','调整植物神经功能',15,'<br/>取穴：<br/>交感、丘脑、神经系统皮质下、耳中、心、肾、神门、枕、身心穴、耳尖'),(225,'调整月经周期、经量','调整月经周期、经量',15,'<br/>取穴：<br/>脑垂体、内分泌、卵巢、子宫、肾、肝、下焦、促性腺激素点');
/*!40000 ALTER TABLE `diseasecategory` ENABLE KEYS */;
UNLOCK TABLES;

--
-- Table structure for table `diseasesystem`
--

DROP TABLE IF EXISTS `diseasesystem`;
/*!40101 SET @saved_cs_client     = @@character_set_client */;
/*!40101 SET character_set_client = utf8 */;
CREATE TABLE `diseasesystem` (
  `systemId` int(11) NOT NULL AUTO_INCREMENT COMMENT '疾病系统编号',
  `systemName` varchar(45) DEFAULT NULL COMMENT '疾病系统名称',
  PRIMARY KEY (`systemId`)
) ENGINE=InnoDB AUTO_INCREMENT=16 DEFAULT CHARSET=utf8 COMMENT='疾病系统类';
/*!40101 SET character_set_client = @saved_cs_client */;

--
-- Dumping data for table `diseasesystem`
--

LOCK TABLES `diseasesystem` WRITE;
/*!40000 ALTER TABLE `diseasesystem` DISABLE KEYS */;
INSERT INTO `diseasesystem` VALUES (1,'运动系统疾病'),(2,'眼科疾病'),(3,'循环系统疾病'),(4,'血液系统疾病'),(5,'消化系统疾病'),(6,'五官科及口腔科疾病'),(7,'外科疾病'),(8,'神经与精神系统疾病'),(9,'皮肤病'),(10,'内分比和代谢系统疾病'),(11,'泌尿与生殖系统疾病'),(12,'呼吸系统疾病'),(13,'妇产科疾病'),(14,'耳穴防病,美容,保健'),(15,'其他功能');
/*!40000 ALTER TABLE `diseasesystem` ENABLE KEYS */;
UNLOCK TABLES;

--
-- Table structure for table `modules`
--

DROP TABLE IF EXISTS `modules`;
/*!40101 SET @saved_cs_client     = @@character_set_client */;
/*!40101 SET character_set_client = utf8 */;
CREATE TABLE `modules` (
  `modulesId` int(11) NOT NULL AUTO_INCREMENT,
  `modulesName` varchar(255) DEFAULT NULL,
  `description` varchar(255) DEFAULT NULL,
  PRIMARY KEY (`modulesId`)
) ENGINE=InnoDB AUTO_INCREMENT=18 DEFAULT CHARSET=utf8;
/*!40101 SET character_set_client = @saved_cs_client */;

--
-- Dumping data for table `modules`
--

LOCK TABLES `modules` WRITE;
/*!40000 ALTER TABLE `modules` DISABLE KEYS */;
INSERT INTO `modules` VALUES (1,'耳垂','耳垂是耳廓下部无软骨的皮垂，相当于人体的头面部。耳垂上缘与软骨相连。从软骨下缘至耳垂下缘最低点划三条等距离平行线，再以第二条水平线为基准，引两条等距离垂直线。由内（指靠近面部一侧）向外、由上而下把耳垂划分成九个区。'),(2,'对耳屏','耳垂上部的隆起部分称为对耳屏，由软骨和皮肤构成。对耳屏相当于人体头部。对耳屏两侧各有一凹陷，内侧的凹陷称为屏间切迹，外侧的凹陷称为轮屏切迹。\r\n假设对耳屏的屏尖为A点，B点是对耳屏与屏间切迹的分界点，C点是对耳屏与轮屏切迹的分界点。B点与C点之间的弧线是对耳屏的软骨组织与耳垂的皮肉组织之间的分界线。由A点向弧线BC画一直线，将扇形ABC分成两等份。'),(3,'轮屏切迹','轮屏切迹是对耳屏与对耳轮之间的凹陷部分，相当于人体的脑干。'),(4,'耳屏','耳屏是耳廓前面的瓣状突起，又称“耳珠”。耳屏相当于人体的咽、喉、内鼻、鼻咽、肾上腺。将耳屏内、外侧面均分成上、下两等份。'),(5,'屏上切迹','屏上切迹是耳屏上缘与耳轮脚之间的凹陷，相当于外耳。'),(6,'对耳轮体','对耳轮在耳轮的内侧，是与耳轮相对的隆起部分。对耳轮垂直走向的主体部分，称为“对耳轮体”；对耳轮上部分叉，向上分叉的一支称为“对耳轮上脚”，向下分叉的一支称为“对耳轮下脚”。\r\n对耳轮体相当于人体躯干部分，其中线相当于脊柱，从对耳轮体中线起始处（轮屏切迹处）至对耳轮上、下脚分叉处，划分五等份，分别为颈椎区、胸椎区、腰椎区、骶椎区和尾椎。'),(7,'对耳轮下脚','对耳轮下脚是对耳轮向下的分支，相当于人体的臀部。将对耳轮下脚分成三等份。'),(8,'对耳轮上脚','对耳轮上脚是对耳轮向上的分支，相当于人体下肢。'),(9,'耳舟','耳舟是对耳轮与耳轮之间的凹沟，相当于人体上肢。'),(10,'三角窝','三角窝是对耳轮上、下脚之间构成的三角形凹窝，相当于人体的内生殖器官。三角窝（颜色暗红）与对耳轮上脚（颜色淡白）之间可看到红白分界线，降压点、耳肝点、神门三穴位于红白分界线上。'),(11,'耳轮脚','耳轮脚是耳轮深入到耳甲腔的横行突起部分，相当于人体膈肌。'),(12,'耳轮脚周围','耳轮脚周围相当于人体消化道。将耳轮脚周围起始处（近屏上切迹处）至耳轮脚消失处由内到外划分为三等份。耳轮脚周围穴位向耳中穴方向按压，探测时以阳性反应点为准。'),(13,'耳甲艇','耳甲艇是耳轮脚上侧的耳甲部，即耳轮脚上面的凹陷部分，相当于人体腹腔。泌尿系统穴位，如肾、输尿管、膀胱、前列腺（女：内尿道），贴压时应紧靠耳甲艇上缘与对耳轮下脚下缘的相交处。'),(14,'耳甲腔','耳甲腔是耳轮脚下侧的耳甲部，即耳轮脚下面的凹陷部分，相当于人体胸腔。'),(15,'屏间切迹',' 屏间切迹是耳屏与对耳屏之间的凹陷，相当于人体的内分泌器官。'),(16,'耳轮','耳轮是耳廓最外缘向前卷曲的部分。在耳轮的外上方，有一个不太明显，稍肥厚的结节状突起，称为“耳轮结节”；耳轮的下缘末端，与耳垂交界处，称为“耳轮尾”；耳轮深入耳腔内的横行突起部分，称为“耳轮脚”。'),(17,'耳背穴','');
/*!40000 ALTER TABLE `modules` ENABLE KEYS */;
UNLOCK TABLES;

--
-- Table structure for table `question`
--

DROP TABLE IF EXISTS `question`;
/*!40101 SET @saved_cs_client     = @@character_set_client */;
/*!40101 SET character_set_client = utf8 */;
CREATE TABLE `question` (
  `qid` int(11) NOT NULL AUTO_INCREMENT,
  `uid` int(10) unsigned DEFAULT NULL,
  `content` text,
  `createtime` timestamp NOT NULL DEFAULT CURRENT_TIMESTAMP ON UPDATE CURRENT_TIMESTAMP,
  `isAnswered` tinyint(4) DEFAULT '0',
  `gender` varchar(45) DEFAULT '男',
  `age` int(11) DEFAULT NULL,
  PRIMARY KEY (`qid`)
) ENGINE=InnoDB AUTO_INCREMENT=21 DEFAULT CHARSET=utf8;
/*!40101 SET character_set_client = @saved_cs_client */;

--
-- Dumping data for table `question`
--

LOCK TABLES `question` WRITE;
/*!40000 ALTER TABLE `question` DISABLE KEYS */;
INSERT INTO `question` VALUES (1,1,'腰疼腿疼怎么办','2017-11-18 11:58:06',1,'男',80),(11,1,'吃不下，睡不着怎么版','2017-12-06 06:31:35',1,'男',22),(12,1,'1123456465465','2017-11-20 01:57:37',0,'男',22),(13,1,'1212121','2017-11-23 04:25:24',0,'女',12),(14,1,'af','2017-11-23 10:12:17',0,'男',22),(15,1,'很难受','2017-11-23 12:03:36',0,'女',22),(16,1,'123456456465','2017-11-23 12:05:11',0,'女',123),(17,1,'sdfsdafsad','2017-11-23 12:07:26',0,'女',12),(18,30,'123456','2017-11-23 12:30:46',0,'女',12),(19,30,'哈哈哈唉','2017-11-25 09:09:47',0,'男',23),(20,1,'123423432423421432423423423','2017-12-06 06:22:37',0,'男',23);
/*!40000 ALTER TABLE `question` ENABLE KEYS */;
UNLOCK TABLES;

--
-- Table structure for table `user`
--

DROP TABLE IF EXISTS `user`;
/*!40101 SET @saved_cs_client     = @@character_set_client */;
/*!40101 SET character_set_client = utf8 */;
CREATE TABLE `user` (
  `uid` int(11) NOT NULL AUTO_INCREMENT,
  `username` varchar(255) NOT NULL,
  `password` varchar(255) NOT NULL,
  `level` int(11) DEFAULT '1',
  `registTime` timestamp NULL DEFAULT CURRENT_TIMESTAMP,
  PRIMARY KEY (`uid`)
) ENGINE=MyISAM AUTO_INCREMENT=35 DEFAULT CHARSET=utf8;
/*!40101 SET character_set_client = @saved_cs_client */;

--
-- Dumping data for table `user`
--

LOCK TABLES `user` WRITE;
/*!40000 ALTER TABLE `user` DISABLE KEYS */;
INSERT INTO `user` VALUES (1,'helloworld','helloworld',0,'2017-11-18 02:28:08'),(32,'666666','666666',0,'2017-12-06 14:27:29'),(31,'18846835210','123456',0,'2017-12-06 06:20:34'),(33,'188468352101','123456',1,'2017-12-08 04:48:27'),(34,'98765432198','666666',0,'2017-12-10 12:37:56');
/*!40000 ALTER TABLE `user` ENABLE KEYS */;
UNLOCK TABLES;

--
-- Table structure for table `user_disease`
--

DROP TABLE IF EXISTS `user_disease`;
/*!40101 SET @saved_cs_client     = @@character_set_client */;
/*!40101 SET character_set_client = utf8 */;
CREATE TABLE `user_disease` (
  `udid` int(11) NOT NULL AUTO_INCREMENT,
  `uid` int(11) DEFAULT NULL,
  `diseaseCategoryId` int(11) DEFAULT NULL,
  `createTime` timestamp NULL DEFAULT CURRENT_TIMESTAMP,
  PRIMARY KEY (`udid`)
) ENGINE=InnoDB AUTO_INCREMENT=6 DEFAULT CHARSET=utf8 COMMENT='用户所患疾病';
/*!40101 SET character_set_client = @saved_cs_client */;

--
-- Dumping data for table `user_disease`
--

LOCK TABLES `user_disease` WRITE;
/*!40000 ALTER TABLE `user_disease` DISABLE KEYS */;
INSERT INTO `user_disease` VALUES (4,1,1,'2017-11-12 13:35:19'),(5,1,2,'2017-11-18 03:00:54');
/*!40000 ALTER TABLE `user_disease` ENABLE KEYS */;
UNLOCK TABLES;

--
-- Table structure for table `userjurisdiction`
--

DROP TABLE IF EXISTS `userjurisdiction`;
/*!40101 SET @saved_cs_client     = @@character_set_client */;
/*!40101 SET character_set_client = utf8 */;
CREATE TABLE `userjurisdiction` (
  `id` int(11) NOT NULL AUTO_INCREMENT,
  `uid` int(11) NOT NULL,
  `diseaseCategoryId` int(11) NOT NULL,
  PRIMARY KEY (`id`)
) ENGINE=InnoDB AUTO_INCREMENT=8 DEFAULT CHARSET=latin1;
/*!40101 SET character_set_client = @saved_cs_client */;

--
-- Dumping data for table `userjurisdiction`
--

LOCK TABLES `userjurisdiction` WRITE;
/*!40000 ALTER TABLE `userjurisdiction` DISABLE KEYS */;
INSERT INTO `userjurisdiction` VALUES (1,1,1),(2,1,31),(3,32,2),(4,31,1),(5,31,2),(6,31,3),(7,34,1);
/*!40000 ALTER TABLE `userjurisdiction` ENABLE KEYS */;
UNLOCK TABLES;
/*!40103 SET TIME_ZONE=@OLD_TIME_ZONE */;

/*!40101 SET SQL_MODE=@OLD_SQL_MODE */;
/*!40014 SET FOREIGN_KEY_CHECKS=@OLD_FOREIGN_KEY_CHECKS */;
/*!40014 SET UNIQUE_CHECKS=@OLD_UNIQUE_CHECKS */;
/*!40101 SET CHARACTER_SET_CLIENT=@OLD_CHARACTER_SET_CLIENT */;
/*!40101 SET CHARACTER_SET_RESULTS=@OLD_CHARACTER_SET_RESULTS */;
/*!40101 SET COLLATION_CONNECTION=@OLD_COLLATION_CONNECTION */;
/*!40111 SET SQL_NOTES=@OLD_SQL_NOTES */;

-- Dump completed on 2018-01-04 13:31:21
